{
    "graph": [
        {
            "author": " GCI", 
            "cards": [
                {
                    "active": true, 
                    "cardid": "4ff978bb-9bd4-11e6-84a5-026d961c29e6", 
                    "description": "Describes an appellation assigned to an Actor Resource.\n\nRelates to resource model via P131", 
                    "graph_id": "27453615-9576-11e6-b664-024f9e178154", 
                    "helpenabled": false, 
                    "helptext": null, 
                    "helptitle": null, 
                    "instructions": "Enter the Actor name and respective name type.", 
                    "name": "Appellation", 
                    "nodegroup_id": "27453614-9576-11e6-b664-024f9e178154", 
                    "sortorder": null, 
                    "visible": true
                }
            ], 
            "cards_x_nodes_x_widgets": [
                {
                    "card_id": "4ff978bb-9bd4-11e6-84a5-026d961c29e6", 
                    "config": "{\"width\":\"100%\",\"placeholder\":\"Enter name here\",\"label\":\"Actor Name\"}", 
                    "id": "287f82ec-ac5e-11e6-84a5-026d961c88e6", 
                    "label": "Actor Name", 
                    "node_id": "27453614-9576-11e6-b664-024f9e178154", 
                    "sortorder": 0, 
                    "widget_id": "10000000-0000-0000-0000-000000000001"
                }, 
                {
                    "card_id": "4ff978bb-9bd4-11e6-84a5-026d961c29e6", 
                    "config": "{\"placeholder\":\"Select a name type\",\"options\":[{\"conceptid\":\"86708338-1305-459e-9cff-7ee0db2a40e4\",\"text\":\"Alternative\",\"id\":\"ecb20ae9-a457-4011-83bf-1c936e2d6b6a\",\"sortorder\":\"\",\"collector\":\"\",\"children\":[]},{\"conceptid\":\"163cd597-6848-4109-a7b0-56ca98003f85\",\"text\":\"Designation Names\",\"sortorder\":\"\",\"collector\":\"collector\",\"children\":[{\"conceptid\":\"884b086e-50a0-4524-a927-4897f0c7452b\",\"text\":\"California Historic Landmark\",\"id\":\"11e60ad2-7dca-47ef-81ff-24561bc45cd6\",\"sortorder\":\"\",\"collector\":\"\",\"children\":[]},{\"conceptid\":\"de9d5536-4860-4821-9419-4f66b0897c8f\",\"text\":\"California Point of Historical Interest\",\"id\":\"0ad1919d-48ed-4957-9c51-6e3ec439323d\",\"sortorder\":\"\",\"collector\":\"\",\"children\":[]},{\"conceptid\":\"cd4c796f-73f8-4cba-8cdc-8cc069c7bcfb\",\"text\":\"California Register of Historic Resources\",\"id\":\"3d2ef9d9-e2f1-4286-8922-1b153504e6f5\",\"sortorder\":\"\",\"collector\":\"\",\"children\":[]},{\"conceptid\":\"3a6db05d-6897-4021-a087-0d4989faaa06\",\"text\":\"Los Angeles Historic Cultural Monument\",\"id\":\"726d46f0-5780-422d-8116-fd25e5dd5aee\",\"sortorder\":\"\",\"collector\":\"\",\"children\":[]},{\"conceptid\":\"a7bc4fa3-73d2-498b-a604-ecbc0e18bf55\",\"text\":\"Los Angeles Historic Preservation Overlay Zone\",\"id\":\"26f8294c-98ff-452c-ac3f-a78eb430df93\",\"sortorder\":\"\",\"collector\":\"\",\"children\":[]},{\"conceptid\":\"6821ec06-03a5-4773-8190-496d41564e70\",\"text\":\"National Historic Landmark\",\"id\":\"14dfac42-ed63-4a51-aa99-d846a0e2f9cf\",\"sortorder\":\"\",\"collector\":\"\",\"children\":[]},{\"conceptid\":\"f1cece23-e8bc-4a54-93b8-2c609d915287\",\"text\":\"National Monument\",\"id\":\"53af5a29-e5e5-4893-b5a3-432b19c10440\",\"sortorder\":\"\",\"collector\":\"\",\"children\":[]},{\"conceptid\":\"b800a93f-1429-4fee-a3b6-e1fa55e12c9b\",\"text\":\"National Register of Historic Places\",\"id\":\"f7aecc0c-9022-440f-a934-7c9456281fd1\",\"sortorder\":\"\",\"collector\":\"\",\"children\":[]}]},{\"conceptid\":\"b193cf22-36fc-4024-ae66-fb1a387c6db0\",\"text\":\"Historic\",\"id\":\"7ad76f8c-ffae-4773-b415-899fbf2a6ffd\",\"sortorder\":\"\",\"collector\":\"\",\"children\":[]},{\"conceptid\":\"866e8d3b-e00a-4559-bf23-dc1812c27e1f\",\"text\":\"Primary\",\"id\":\"81dd62d2-6701-4195-b74b-8057456bba4b\",\"sortorder\":\"\",\"collector\":\"\",\"children\":[]}],\"label\":\"Actor Name Type\"}", 
                    "id": "287f82ed-ac5e-11e6-84a5-026d961c88e6", 
                    "label": "Actor Name Type", 
                    "node_id": "fe1eb127-ac5d-11e6-84a5-026d961c88e6", 
                    "sortorder": 1, 
                    "widget_id": "10000000-0000-0000-0000-000000000002"
                }
            ], 
            "deploymentdate": null, 
            "deploymentfile": null, 
            "description": "Describes an appellation assigned to an Actor Resource.\n\nRelates to resource model via P131", 
            "edges": [
                {
                    "description": null, 
                    "domainnode_id": "27453614-9576-11e6-b664-024f9e178154", 
                    "edgeid": "fe1eb128-ac5d-11e6-84a5-026d961c88e6", 
                    "graph_id": "27453615-9576-11e6-b664-024f9e178154", 
                    "name": null, 
                    "ontologyproperty": "http://www.cidoc-crm.org/cidoc-crm/P2_has_type", 
                    "rangenode_id": "fe1eb127-ac5d-11e6-84a5-026d961c88e6"
                }
            ], 
            "forms": [], 
            "forms_x_cards": [], 
            "functions": [], 
            "graphid": "27453615-9576-11e6-b664-024f9e178154", 
            "iconclass": "fa fa-at", 
            "isactive": true, 
            "isresource": false, 
            "mapfeaturecolor": null, 
            "maplinewidth": null, 
            "mappointsize": null, 
            "name": "Appellation", 
            "nodegroups": [
                {
                    "cardinality": "n", 
                    "legacygroupid": null, 
                    "nodegroupid": "27453614-9576-11e6-b664-024f9e178154", 
                    "parentnodegroup_id": null
                }
            ], 
            "nodes": [
                {
                    "config": null, 
                    "datatype": "string", 
                    "description": "", 
                    "graph_id": "27453615-9576-11e6-b664-024f9e178154", 
                    "is_collector": true, 
                    "istopnode": true, 
                    "name": "Appellation", 
                    "nodegroup_id": "27453614-9576-11e6-b664-024f9e178154", 
                    "nodeid": "27453614-9576-11e6-b664-024f9e178154", 
                    "ontologyclass": "http://www.cidoc-crm.org/cidoc-crm/E82_Actor_Appellation", 
                    "parentproperty": ""
                }, 
                {
                    "config": {
                        "rdmCollection": "051b5950-2c1e-49ff-af0d-dfbaa971d2fa"
                    }, 
                    "datatype": "concept", 
                    "description": "Represents a single node in a graph", 
                    "graph_id": "27453615-9576-11e6-b664-024f9e178154", 
                    "is_collector": false, 
                    "istopnode": false, 
                    "name": "Appellation Type", 
                    "nodegroup_id": "27453614-9576-11e6-b664-024f9e178154", 
                    "nodeid": "fe1eb127-ac5d-11e6-84a5-026d961c88e6", 
                    "ontologyclass": "http://www.cidoc-crm.org/cidoc-crm/E55_Type", 
                    "parentproperty": "http://www.cidoc-crm.org/cidoc-crm/P2_has_type"
                }
            ], 
            "ontology_id": "e6e8db47-2ccf-11e6-927e-b8f6b115d7dd", 
            "reports": [], 
            "root": {
                "config": null, 
                "datatype": "string", 
                "description": "", 
                "graph_id": "27453615-9576-11e6-b664-024f9e178154", 
                "is_collector": true, 
                "istopnode": true, 
                "name": "Appellation", 
                "nodegroup_id": "27453614-9576-11e6-b664-024f9e178154", 
                "nodeid": "27453614-9576-11e6-b664-024f9e178154", 
                "ontologyclass": "http://www.cidoc-crm.org/cidoc-crm/E82_Actor_Appellation", 
                "parentproperty": ""
            }, 
            "subtitle": "Describes an appellation (or name) assigned to an Actor Resource", 
            "version": ""
        }
    ], 
    "metadata": {
        "db": "PostgreSQL 9.6.0 on x86_64-pc-linux-gnu, compiled by gcc (Ubuntu 5.3.1-14ubuntu2) 5.3.1 20160413, 64-bit", 
        "git hash": "ff93bd9 2017-01-24 10:17:51 -0800", 
        "os": "Linux", 
        "os version": "4.4.0-45-generic"
    }
}