{
    "graph": [
        {
            "author": " GCI", 
            "cards": [
                {
                    "active": true, 
                    "cardid": "4ff978bb-9bd4-11e6-84a5-026d961c80e6", 
                    "description": "Describes the type and time span of the beginning of a resource's existence.\n\nRelates to the Actor resource model E39 via P92i.\nRelates to Historic Event E5 and Activity E7 via p116i.", 
                    "graph_id": "da8cf543-957e-11e6-b664-024f9e178154", 
                    "helpenabled": false, 
                    "helptext": null, 
                    "helptitle": null, 
                    "instructions": "Please enter the date of the beginning of existence for the resource.", 
                    "name": "Beginning of Existence", 
                    "nodegroup_id": "da8cf542-957e-11e6-b664-024f9e178154", 
                    "sortorder": null, 
                    "visible": true
                }
            ], 
            "cards_x_nodes_x_widgets": [
                {
                    "card_id": "4ff978bb-9bd4-11e6-84a5-026d961c80e6", 
                    "config": "{\"maxDate\":false,\"viewMode\":\"days\",\"dateFormat\":\"YYYY-MM-DD\",\"placeholder\":\"Enter date\",\"minDate\":false,\"label\":\"Start Date of Existence\"}", 
                    "id": "cf8eb3e2-ad20-11e6-84a5-026d961c88e6", 
                    "label": "Start Date of Existence", 
                    "node_id": "860c246b-957f-11e6-b664-024f9e178154", 
                    "sortorder": 0, 
                    "widget_id": "10000000-0000-0000-0000-000000000004"
                }, 
                {
                    "card_id": "4ff978bb-9bd4-11e6-84a5-026d961c80e6", 
                    "config": "{\"placeholder\":\"Select type \",\"options\":[{\"conceptid\":\"226bb292-4def-484f-8c6b-6eab8dd48c03\",\"text\":\"Birth Date\",\"id\":\"73e5204c-0635-478b-a369-91d5cde5c68f\",\"sortorder\":\"\",\"collector\":\"\",\"children\":[]},{\"conceptid\":\"cf3683e1-6969-47b4-8cda-c61753819ec7\",\"text\":\"Built Date\",\"id\":\"29adbea8-891a-44bf-b0c5-8912d118f629\",\"sortorder\":\"\",\"collector\":\"\",\"children\":[]},{\"conceptid\":\"11303e6e-9ea1-4b4c-8e2d-c0fa7c9db390\",\"text\":\"Creation Date\",\"id\":\"cf4d3fee-1c66-499c-a087-13eb3a069807\",\"sortorder\":\"\",\"collector\":\"\",\"children\":[]},{\"conceptid\":\"0560b41b-123e-413b-ac75-eeb09d7b9de7\",\"text\":\"Formation Date\",\"id\":\"af52d238-b9ce-47bd-ba71-585d007d090b\",\"sortorder\":\"\",\"collector\":\"\",\"children\":[]},{\"conceptid\":\"9963003a-f6ae-4792-ad5d-44e4b04da1ea\",\"text\":\"Start Date\",\"id\":\"af8e248f-28c9-4c97-b57b-add942b8e009\",\"sortorder\":\"\",\"collector\":\"\",\"children\":[]}],\"label\":\"Beginning of Existence Type\"}", 
                    "id": "cf8eb3e3-ad20-11e6-84a5-026d961c88e6", 
                    "label": "Beginning of Existence Type", 
                    "node_id": "36229b3d-957f-11e6-b664-024f9e178154", 
                    "sortorder": 1, 
                    "widget_id": "10000000-0000-0000-0000-000000000009"
                }
            ], 
            "deploymentdate": null, 
            "deploymentfile": null, 
            "description": "Describes the type and time span of the beginning of a resource's existence.\n\nRelates to the Actor resource model E39 via P92i.\nRelates to Historic Event E5 and Activity E7 via p116i.", 
            "edges": [
                {
                    "description": null, 
                    "domainnode_id": "741f5d77-957f-11e6-b664-024f9e178154", 
                    "edgeid": "860c246c-957f-11e6-b664-024f9e178154", 
                    "graph_id": "da8cf543-957e-11e6-b664-024f9e178154", 
                    "name": null, 
                    "ontologyproperty": "http://www.cidoc-crm.org/cidoc-crm/P78_is_identified_by", 
                    "rangenode_id": "860c246b-957f-11e6-b664-024f9e178154"
                }, 
                {
                    "description": null, 
                    "domainnode_id": "da8cf542-957e-11e6-b664-024f9e178154", 
                    "edgeid": "36229b3e-957f-11e6-b664-024f9e178154", 
                    "graph_id": "da8cf543-957e-11e6-b664-024f9e178154", 
                    "name": null, 
                    "ontologyproperty": "http://www.cidoc-crm.org/cidoc-crm/P2_has_type", 
                    "rangenode_id": "36229b3d-957f-11e6-b664-024f9e178154"
                }, 
                {
                    "description": null, 
                    "domainnode_id": "da8cf542-957e-11e6-b664-024f9e178154", 
                    "edgeid": "741f5d78-957f-11e6-b664-024f9e178154", 
                    "graph_id": "da8cf543-957e-11e6-b664-024f9e178154", 
                    "name": null, 
                    "ontologyproperty": "http://www.cidoc-crm.org/cidoc-crm/P4_has_time-span", 
                    "rangenode_id": "741f5d77-957f-11e6-b664-024f9e178154"
                }
            ], 
            "forms": [], 
            "forms_x_cards": [], 
            "functions": [], 
            "graphid": "da8cf543-957e-11e6-b664-024f9e178154", 
            "iconclass": "fa fa-long-arrow-up", 
            "isactive": true, 
            "isresource": false, 
            "mapfeaturecolor": null, 
            "maplinewidth": null, 
            "mappointsize": null, 
            "name": "Beginning of Existence", 
            "nodegroups": [
                {
                    "cardinality": "1", 
                    "legacygroupid": null, 
                    "nodegroupid": "da8cf542-957e-11e6-b664-024f9e178154", 
                    "parentnodegroup_id": null
                }
            ], 
            "nodes": [
                {
                    "config": null, 
                    "datatype": "semantic", 
                    "description": "Represents a single node in a graph", 
                    "graph_id": "da8cf543-957e-11e6-b664-024f9e178154", 
                    "istopnode": false, 
                    "name": "Beginning of Existence Time Span", 
                    "nodegroup_id": "da8cf542-957e-11e6-b664-024f9e178154", 
                    "nodeid": "741f5d77-957f-11e6-b664-024f9e178154", 
                    "ontologyclass": "http://www.cidoc-crm.org/cidoc-crm/E52_Time-Span", 
                    "parentproperty": "http://www.cidoc-crm.org/cidoc-crm/P4_has_time-span"
                }, 
                {
                    "config": {
                        "rdmCollection": "216ee2fb-4197-4f84-84dd-3a38d59480fb"
                    }, 
                    "datatype": "concept", 
                    "description": "Represents a single node in a graph", 
                    "graph_id": "da8cf543-957e-11e6-b664-024f9e178154", 
                    "istopnode": false, 
                    "name": "Beginning of Existence Type", 
                    "nodegroup_id": "da8cf542-957e-11e6-b664-024f9e178154", 
                    "nodeid": "36229b3d-957f-11e6-b664-024f9e178154", 
                    "ontologyclass": "http://www.cidoc-crm.org/cidoc-crm/E55_Type", 
                    "parentproperty": "http://www.cidoc-crm.org/cidoc-crm/P2_has_type"
                }, 
                {
                    "config": null, 
                    "datatype": "date", 
                    "description": "Represents a single node in a graph", 
                    "graph_id": "da8cf543-957e-11e6-b664-024f9e178154", 
                    "istopnode": false, 
                    "name": "Start Date of Existence", 
                    "nodegroup_id": "da8cf542-957e-11e6-b664-024f9e178154", 
                    "nodeid": "860c246b-957f-11e6-b664-024f9e178154", 
                    "ontologyclass": "http://www.cidoc-crm.org/cidoc-crm/E49_Time_Appellation", 
                    "parentproperty": "http://www.cidoc-crm.org/cidoc-crm/P78_is_identified_by"
                }, 
                {
                    "config": null, 
                    "datatype": "semantic", 
                    "description": "", 
                    "graph_id": "da8cf543-957e-11e6-b664-024f9e178154", 
                    "istopnode": true, 
                    "name": "Beginning of Existence", 
                    "nodegroup_id": "da8cf542-957e-11e6-b664-024f9e178154", 
                    "nodeid": "da8cf542-957e-11e6-b664-024f9e178154", 
                    "ontologyclass": "http://www.cidoc-crm.org/cidoc-crm/E63_Beginning_of_Existence", 
                    "parentproperty": ""
                }
            ], 
            "ontology_id": "e6e8db47-2ccf-11e6-927e-b8f6b115d7dd", 
            "reports": [], 
            "root": {
                "config": null, 
                "datatype": "semantic", 
                "description": "", 
                "graph_id": "da8cf543-957e-11e6-b664-024f9e178154", 
                "istopnode": true, 
                "name": "Beginning of Existence", 
                "nodegroup_id": "da8cf542-957e-11e6-b664-024f9e178154", 
                "nodeid": "da8cf542-957e-11e6-b664-024f9e178154", 
                "ontologyclass": "http://www.cidoc-crm.org/cidoc-crm/E63_Beginning_of_Existence", 
                "parentproperty": ""
            }, 
            "subtitle": "Describes the type and time span of the beginning of a resource's existence", 
            "version": ""
        }
    ], 
    "metadata": {
        "db": "PostgreSQL 9.6.0 on x86_64-pc-linux-gnu, compiled by gcc (Ubuntu 5.3.1-14ubuntu2) 5.3.1 20160413, 64-bit", 
        "git hash": "67a5208 2016-12-07 11:12:11 -0800", 
        "os": "Linux", 
        "os version": "4.4.0-45-generic"
    }
}