{
    "graph": [
        {
            "author": "GCI ", 
            "cards": [
                {
                    "active": true, 
                    "cardid": "3d532c7d-a063-11e6-84a5-026d961c88e6", 
                    "description": "Generic branch for capturing free-form written descriptive information.\nIntended to be evolution from v3 description branch from HIP 3. Created semantic description node with description string and description type hanging off of it. Description (semantic node) becomes a grouping node (type and string).  \n\nThis branch meets technical business rules for CRM compliance but CRM experts have said that this is an inappropriate implementation of E62.\n\nConnects to all resources with P140i", 
                    "graph_id": "3d532c7b-a063-11e6-84a5-026d961c88e6", 
                    "helpenabled": false, 
                    "helptext": null, 
                    "helptitle": null, 
                    "instructions": "Enter a description and description type for the resource.", 
                    "name": "Description", 
                    "nodegroup_id": "3d532c7a-a063-11e6-84a5-026d961c88e6", 
                    "sortorder": null, 
                    "visible": true
                }
            ], 
            "cards_x_nodes_x_widgets": [
                {
                    "card_id": "3d532c7d-a063-11e6-84a5-026d961c88e6", 
                    "config": "{\"placeholder\":\"Select a description type\",\"options\":[],\"label\":\"Description Type\"}", 
                    "id": "97db581b-ad25-11e6-84a5-026d961c88e6", 
                    "label": "Description Type", 
                    "node_id": "d309bcd5-a063-11e6-84a5-026d961c88e6", 
                    "sortorder": 1, 
                    "widget_id": "10000000-0000-0000-0000-000000000002"
                }, 
                {
                    "card_id": "3d532c7d-a063-11e6-84a5-026d961c88e6", 
                    "config": "{\"width\":\"100%\",\"placeholder\":\"Enter text\",\"label\":\"Description\"}", 
                    "id": "97db581a-ad25-11e6-84a5-026d961c88e6", 
                    "label": "Description", 
                    "node_id": "80171c07-a063-11e6-84a5-026d961c88e6", 
                    "sortorder": 0, 
                    "widget_id": "10000000-0000-0000-0000-000000000005"
                }
            ], 
            "deploymentdate": null, 
            "deploymentfile": null, 
            "description": "Generic branch for capturing free-form written descriptive information.\nIntended to be evolution from v3 description branch from HIP 3. Created semantic description node with description string and description type hanging off of it. Description (semantic node) becomes a grouping node (type and string).  \n\nThis branch meets technical business rules for CRM compliance but CRM experts have said that this is an inappropriate implementation of E62.\n\nConnects to all resources with P140i", 
            "edges": [
                {
                    "description": null, 
                    "domainnode_id": "3d532c7a-a063-11e6-84a5-026d961c88e6", 
                    "edgeid": "d309bcd6-a063-11e6-84a5-026d961c88e6", 
                    "graph_id": "3d532c7b-a063-11e6-84a5-026d961c88e6", 
                    "name": null, 
                    "ontologyproperty": "http://www.cidoc-crm.org/cidoc-crm/P2_has_type", 
                    "rangenode_id": "d309bcd5-a063-11e6-84a5-026d961c88e6"
                }, 
                {
                    "description": null, 
                    "domainnode_id": "3d532c7a-a063-11e6-84a5-026d961c88e6", 
                    "edgeid": "80171c08-a063-11e6-84a5-026d961c88e6", 
                    "graph_id": "3d532c7b-a063-11e6-84a5-026d961c88e6", 
                    "name": null, 
                    "ontologyproperty": "http://www.cidoc-crm.org/cidoc-crm/P3_has_note", 
                    "rangenode_id": "80171c07-a063-11e6-84a5-026d961c88e6"
                }
            ], 
            "forms": [], 
            "forms_x_cards": [], 
            "functions": [], 
            "graphid": "3d532c7b-a063-11e6-84a5-026d961c88e6", 
            "iconclass": "fa fa-wrench", 
            "isactive": true, 
            "isresource": false, 
            "mapfeaturecolor": "#FF0000", 
            "maplinewidth": 1, 
            "mappointsize": 3, 
            "name": "Description", 
            "nodegroups": [
                {
                    "cardinality": "n", 
                    "legacygroupid": null, 
                    "nodegroupid": "3d532c7a-a063-11e6-84a5-026d961c88e6", 
                    "parentnodegroup_id": null
                }
            ], 
            "nodes": [
                {
                    "config": null, 
                    "datatype": "semantic", 
                    "description": "", 
                    "graph_id": "3d532c7b-a063-11e6-84a5-026d961c88e6", 
                    "is_collector": true, 
                    "istopnode": true, 
                    "name": "Description Assignment", 
                    "nodegroup_id": "3d532c7a-a063-11e6-84a5-026d961c88e6", 
                    "nodeid": "3d532c7a-a063-11e6-84a5-026d961c88e6", 
                    "ontologyclass": "http://www.cidoc-crm.org/cidoc-crm/E13_Attribute_Assignment", 
                    "parentproperty": ""
                }, 
                {
                    "config": null, 
                    "datatype": "string", 
                    "description": "Represents a single node in a graph", 
                    "graph_id": "3d532c7b-a063-11e6-84a5-026d961c88e6", 
                    "is_collector": false, 
                    "istopnode": false, 
                    "name": "Description", 
                    "nodegroup_id": "3d532c7a-a063-11e6-84a5-026d961c88e6", 
                    "nodeid": "80171c07-a063-11e6-84a5-026d961c88e6", 
                    "ontologyclass": "http://www.cidoc-crm.org/cidoc-crm/E62_String", 
                    "parentproperty": "http://www.cidoc-crm.org/cidoc-crm/P3_has_note"
                }, 
                {
                    "config": {
                        "rdmCollection": null
                    }, 
                    "datatype": "concept", 
                    "description": "Represents a single node in a graph", 
                    "graph_id": "3d532c7b-a063-11e6-84a5-026d961c88e6", 
                    "is_collector": false, 
                    "istopnode": false, 
                    "name": "Description Type", 
                    "nodegroup_id": "3d532c7a-a063-11e6-84a5-026d961c88e6", 
                    "nodeid": "d309bcd5-a063-11e6-84a5-026d961c88e6", 
                    "ontologyclass": "http://www.cidoc-crm.org/cidoc-crm/E55_Type", 
                    "parentproperty": "http://www.cidoc-crm.org/cidoc-crm/P2_has_type"
                }
            ], 
            "ontology_id": "e6e8db47-2ccf-11e6-927e-b8f6b115d7dd", 
            "reports": [], 
            "root": {
                "config": null, 
                "datatype": "semantic", 
                "description": "", 
                "graph_id": "3d532c7b-a063-11e6-84a5-026d961c88e6", 
                "is_collector": true, 
                "istopnode": true, 
                "name": "Description Assignment", 
                "nodegroup_id": "3d532c7a-a063-11e6-84a5-026d961c88e6", 
                "nodeid": "3d532c7a-a063-11e6-84a5-026d961c88e6", 
                "ontologyclass": "http://www.cidoc-crm.org/cidoc-crm/E13_Attribute_Assignment", 
                "parentproperty": ""
            }, 
            "subtitle": "Generic branch for capturing free-form written descriptive information", 
            "version": ""
        }
    ], 
    "metadata": {
        "db": "PostgreSQL 9.6.0 on x86_64-pc-linux-gnu, compiled by gcc (Ubuntu 5.3.1-14ubuntu2) 5.3.1 20160413, 64-bit", 
        "git hash": "ff93bd9 2017-01-24 10:17:51 -0800", 
        "os": "Linux", 
        "os version": "4.4.0-45-generic"
    }
}