{
    "graph": [
        {
            "author": " GCI", 
            "cards": [
                {
                    "active": true, 
                    "cardid": "db074693-9640-11e6-8a28-026d961c88e6", 
                    "description": "Describes a Historical Event Type within a given timespan/phase. \n\nConnects to the Historical Event resource model via P10", 
                    "graph_id": "db074691-9640-11e6-8a28-026d961c88e6", 
                    "helpenabled": false, 
                    "helptext": null, 
                    "helptitle": null, 
                    "instructions": "Define one Event Type, n cultural periods, and (optionally) one from/to date range. Additional Event Types or date ranges requires additional entries", 
                    "name": "Event Phase Type", 
                    "nodegroup_id": "db074690-9640-11e6-8a28-026d961c88e6", 
                    "sortorder": null, 
                    "visible": true
                }
            ], 
            "cards_x_nodes_x_widgets": [
                {
                    "card_id": "db074693-9640-11e6-8a28-026d961c88e6", 
                    "config": "{\"placeholder\":\"Select the Event Type\",\"options\":[{\"conceptid\":\"e05a9dd4-9973-4797-a20b-8f0eca600cc5\",\"text\":\"accidents\",\"id\":\"80268529-10f0-4aae-bc58-9795402f378e\",\"sortorder\":\"\",\"collector\":\"\",\"children\":[]},{\"conceptid\":\"7354a1ee-dd3f-4d39-92ef-74244a9ca1a0\",\"text\":\"armed conflicts\",\"id\":\"28224a44-6dce-4987-9168-ac2e28311789\",\"sortorder\":\"\",\"collector\":\"\",\"children\":[]},{\"conceptid\":\"d32585b7-1611-45ec-a7f3-7a36b243ecac\",\"text\":\"assassinations\",\"id\":\"74ed18d1-e8b9-4f8c-9e48-0221a8287ae1\",\"sortorder\":\"\",\"collector\":\"\",\"children\":[]},{\"conceptid\":\"94de1134-cd8a-425e-93cb-b91d95347406\",\"text\":\"battles\",\"id\":\"54f291ca-a99f-439b-a1be-340a6cf7207c\",\"sortorder\":\"\",\"collector\":\"\",\"children\":[{\"conceptid\":\"520facc9-f1fd-4a83-9c7d-4cb0bf5f2955\",\"text\":\"combat\",\"id\":\"452b019b-3bda-43e7-8db2-289125653e3a\",\"sortorder\":\"\",\"collector\":\"\",\"children\":[]},{\"conceptid\":\"dbed650d-72ab-442a-859d-08f6b4ca54d7\",\"text\":\"duels\",\"id\":\"8ed198f7-6cfc-4f15-b061-8141e60663c1\",\"sortorder\":\"\",\"collector\":\"\",\"children\":[]},{\"conceptid\":\"5c962475-30b6-4373-86b1-915f226f19ee\",\"text\":\"invasions\",\"id\":\"99fe6aff-831d-4d8d-8dfd-47d041aa3e47\",\"sortorder\":\"\",\"collector\":\"\",\"children\":[]},{\"conceptid\":\"da6edb90-bb51-44a5-9dba-ba630948d565\",\"text\":\"occupations\",\"id\":\"ccdc403d-d5d3-4650-999f-02261a6824c1\",\"sortorder\":\"\",\"collector\":\"\",\"children\":[]},{\"conceptid\":\"ae28c0f5-272f-48ae-b938-27eecc255920\",\"text\":\"revolutions\",\"id\":\"68c193e3-7efc-4b3e-94c8-5a29fc82b63b\",\"sortorder\":\"\",\"collector\":\"\",\"children\":[]},{\"conceptid\":\"56014200-61a1-4a14-b852-1558cf2db343\",\"text\":\"sieges\",\"id\":\"0b654d87-99d1-4b16-98e5-a3b71bdb6fab\",\"sortorder\":\"\",\"collector\":\"\",\"children\":[]},{\"conceptid\":\"9bd4d88a-98e2-4995-b26f-3b77dda58f38\",\"text\":\"wars\",\"id\":\"fe1a08a7-f04d-4539-a4ba-1d02fab97f3a\",\"sortorder\":\"\",\"collector\":\"\",\"children\":[]}]},{\"conceptid\":\"e2c26a00-ba33-458d-a13b-3e311cfb0b0a\",\"text\":\"boycotts\",\"id\":\"f6f86efd-a2eb-4872-b4d9-b71cf446f70d\",\"sortorder\":\"\",\"collector\":\"\",\"children\":[]},{\"conceptid\":\"05bc8fd8-f08a-492c-b067-73ca6a35f882\",\"text\":\"broadcasts\",\"id\":\"83438d8e-8445-4a73-abe1-c8d8c3191d89\",\"sortorder\":\"\",\"collector\":\"\",\"children\":[{\"conceptid\":\"4cb076fa-1dbf-4777-ae15-3d87693c1cbd\",\"text\":\"podcasts\",\"id\":\"411d0fbc-8dd5-4e7a-92ac-dbd9bc69e64b\",\"sortorder\":\"\",\"collector\":\"\",\"children\":[]},{\"conceptid\":\"de3d445f-0417-4ac2-bd79-5d6d6a924136\",\"text\":\"radio programs\",\"id\":\"6a69660e-12ba-41a6-8488-7a613aba4d6d\",\"sortorder\":\"\",\"collector\":\"\",\"children\":[]},{\"conceptid\":\"4fde528a-cfdc-44ad-b238-2f8bb52ee005\",\"text\":\"television programs\",\"id\":\"9778dec2-308a-42b1-823f-47f982af386e\",\"sortorder\":\"\",\"collector\":\"\",\"children\":[]}]},{\"conceptid\":\"b7a5ab94-80ff-4d15-a978-72901fe5837f\",\"text\":\"burials\",\"id\":\"40defc96-c768-4dc3-8375-e66d004f4ea5\",\"sortorder\":\"\",\"collector\":\"\",\"children\":[{\"conceptid\":\"0e7275b7-d390-4a56-a1e2-fd269e6a6bee\",\"text\":\"reburial\",\"id\":\"c83968d6-ca9c-435d-a700-2e446d8b8400\",\"sortorder\":\"\",\"collector\":\"\",\"children\":[]}]},{\"conceptid\":\"7511b6fe-7c58-4d09-811b-616292bddf8b\",\"text\":\"campaigns\",\"id\":\"c5e0f8a3-45fa-46da-9c41-aa58e634647e\",\"sortorder\":\"\",\"collector\":\"\",\"children\":[{\"conceptid\":\"326a56dc-3f2f-4655-bb58-b8a08b7e95a5\",\"text\":\"advertising campaigns\",\"id\":\"934ea0a1-1937-454a-9a7f-6e6cbdff0e23\",\"sortorder\":\"\",\"collector\":\"\",\"children\":[]},{\"conceptid\":\"c586debc-7746-4cce-afc0-7ab34f97e5f9\",\"text\":\"military campaigns\",\"id\":\"f1e51e4b-8db5-402c-af76-8debdecda2c8\",\"sortorder\":\"\",\"collector\":\"\",\"children\":[]},{\"conceptid\":\"64b096a3-ad2c-401e-9319-bfe927f9b5db\",\"text\":\"political campaigns\",\"id\":\"79b8b0a8-d2cf-4606-90bf-60b1fe7530e6\",\"sortorder\":\"\",\"collector\":\"\",\"children\":[]}]},{\"conceptid\":\"2b273c03-fad0-4a9d-9b9d-9f61f628e234\",\"text\":\"celebrations\",\"id\":\"289d9310-f34c-40fa-91da-e1cce9e7c8b7\",\"sortorder\":\"\",\"collector\":\"\",\"children\":[{\"conceptid\":\"3dcad6d0-aece-4840-9b40-1e90bf7acb3d\",\"text\":\"anniversaries\",\"id\":\"5164e4ce-99db-4da8-9364-a229d40eb403\",\"sortorder\":\"\",\"collector\":\"\",\"children\":[]},{\"conceptid\":\"ef00719c-21ad-42bd-83dd-17087d56b6d7\",\"text\":\"comings out\",\"id\":\"ca4a428c-21cf-4b0f-99c2-f2672dca3da0\",\"sortorder\":\"\",\"collector\":\"\",\"children\":[]},{\"conceptid\":\"55eaf00a-f136-4221-a79e-1549e8e7f051\",\"text\":\"feasts\",\"id\":\"243ee8f2-bd78-4301-87ec-4522a1e513b9\",\"sortorder\":\"\",\"collector\":\"\",\"children\":[]},{\"conceptid\":\"b275911a-8276-496a-b720-5bc4552cc476\",\"text\":\"festivals\",\"id\":\"c712906b-7030-4a7d-a096-62fdee214cda\",\"sortorder\":\"\",\"collector\":\"\",\"children\":[]},{\"conceptid\":\"dfcb3d3d-2ca2-4df9-9563-1f620545fc25\",\"text\":\"triumphs\",\"id\":\"3f4acedd-96b2-435a-acc0-8d4563636a68\",\"sortorder\":\"\",\"collector\":\"\",\"children\":[]}]},{\"conceptid\":\"dac97317-deeb-4bc3-aca8-f5c00c6f2873\",\"text\":\"ceremonies\",\"id\":\"c2e43d2d-cda3-44a9-92c2-8ee51529bc5d\",\"sortorder\":\"\",\"collector\":\"\",\"children\":[{\"conceptid\":\"78f8f77d-a1ea-49f8-b2b9-3702b2e2fa66\",\"text\":\"academic ceremonies\",\"id\":\"8196d6fb-8a21-4bd4-9371-4639d68424ca\",\"sortorder\":\"\",\"collector\":\"\",\"children\":[]},{\"conceptid\":\"0c23f39b-b564-4f32-b8ca-bd984cec5940\",\"text\":\"building ceremonies\",\"id\":\"dbf7f173-7be3-48ac-9074-a266e55d5ef5\",\"sortorder\":\"\",\"collector\":\"\",\"children\":[]},{\"conceptid\":\"ecabb5d9-aec3-468b-bf8b-5cdcc57bdb47\",\"text\":\"cultural ceremonies\",\"id\":\"506befc5-88cb-4090-9698-f2abd7f54b19\",\"sortorder\":\"\",\"collector\":\"\",\"children\":[]},{\"conceptid\":\"77dbf04d-10cd-4524-8d1e-5bc5dc2c1a0c\",\"text\":\"religious ceremonies\",\"id\":\"8a293a9f-2230-434e-8206-a9c0d25fc0c1\",\"sortorder\":\"\",\"collector\":\"\",\"children\":[]}]},{\"conceptid\":\"15dbe465-e3a2-4b94-8678-5555135b2337\",\"text\":\"commemorations\",\"id\":\"415df3ea-c587-4e78-8d8e-f53f4b04b39a\",\"sortorder\":\"\",\"collector\":\"\",\"children\":[]},{\"conceptid\":\"437fb196-8904-41b6-b503-d7901592568e\",\"text\":\"contests\",\"id\":\"56700fee-ef7c-476d-b56f-62660c24a0ca\",\"sortorder\":\"\",\"collector\":\"\",\"children\":[{\"conceptid\":\"bbd00750-407a-4eb4-8e91-a792df72a5db\",\"text\":\"competitions\",\"id\":\"76a750ac-fd9c-4e17-b018-c32dfb0f2133\",\"sortorder\":\"\",\"collector\":\"\",\"children\":[]},{\"conceptid\":\"7a880705-e019-44a0-9814-79b5f2b14e35\",\"text\":\"debates\",\"id\":\"d7d1c70d-0495-47e5-b7a8-1d7d274b8da0\",\"sortorder\":\"\",\"collector\":\"\",\"children\":[]},{\"conceptid\":\"65b6e1f0-51bc-4630-bbe6-c161c9551fc8\",\"text\":\"races\",\"id\":\"fad78b69-0756-4106-a816-951c7f9b023b\",\"sortorder\":\"\",\"collector\":\"\",\"children\":[]},{\"conceptid\":\"5083f69c-73b2-4b27-8d28-45f745d2f05b\",\"text\":\"rodeos\",\"id\":\"d26e7042-23b2-4664-9c57-ad56d65c2bd7\",\"sortorder\":\"\",\"collector\":\"\",\"children\":[]},{\"conceptid\":\"88d6b057-304e-47a7-b8c6-0bc5e15e616a\",\"text\":\"tournaments\",\"id\":\"fbbd072c-818d-4b2c-8f6b-f9db90a69d56\",\"sortorder\":\"\",\"collector\":\"\",\"children\":[]}]},{\"conceptid\":\"78155062-88f8-437a-9e04-43908c394d20\",\"text\":\"cremations\",\"id\":\"fb07f367-d304-4a1c-bb81-386cfba72cfa\",\"sortorder\":\"\",\"collector\":\"\",\"children\":[]},{\"conceptid\":\"cd099e52-9745-40a7-be1a-d3199a009cb0\",\"text\":\"disasters\",\"id\":\"56903530-7fd8-4565-9efd-022a8fb47ad5\",\"sortorder\":\"\",\"collector\":\"\",\"children\":[{\"conceptid\":\"3811e70a-fb24-4e86-8259-71260d8e4a5f\",\"text\":\"man-made disasters\",\"id\":\"b00477d7-74b1-4d94-af99-4827df893821\",\"sortorder\":\"\",\"collector\":\"\",\"children\":[]},{\"conceptid\":\"09933f75-fd1e-4d95-aa98-8e94c475e2d0\",\"text\":\"natural disasters\",\"id\":\"58ac39ea-6fd5-4176-abe9-c9e16b6f0993\",\"sortorder\":\"\",\"collector\":\"\",\"children\":[]},{\"conceptid\":\"eb09483b-b68d-4573-b500-4f3c8db9f512\",\"text\":\"shipwrecks\",\"id\":\"590dd5f4-0d89-4004-abbb-545eb30014a5\",\"sortorder\":\"\",\"collector\":\"\",\"children\":[]}]},{\"conceptid\":\"464a2530-aaef-46b0-b6e9-f6562f2e200e\",\"text\":\"drafts\",\"id\":\"3916e678-eaf8-4537-9b90-0773a5450058\",\"sortorder\":\"\",\"collector\":\"\",\"children\":[]},{\"conceptid\":\"42a86387-1cfb-493d-a181-d4a3392c5be4\",\"text\":\"educational events\",\"id\":\"254e1766-8772-4ea2-9979-3a5a1cf22201\",\"sortorder\":\"\",\"collector\":\"\",\"children\":[{\"conceptid\":\"0973723a-0f24-42a0-bc29-c626801673e8\",\"text\":\"charettes\",\"id\":\"016a1d88-e12f-4903-a816-272ef41208bb\",\"sortorder\":\"\",\"collector\":\"\",\"children\":[]},{\"conceptid\":\"9614430e-f32c-43ec-9436-54011620ec49\",\"text\":\"master classes\",\"id\":\"75610a39-a312-4a5c-9895-0c118d993874\",\"sortorder\":\"\",\"collector\":\"\",\"children\":[]},{\"conceptid\":\"194bbb2c-b9b0-4427-827f-b388c8620bda\",\"text\":\"seminars\",\"id\":\"9140e0a9-c0be-46cb-b41e-b244a18d1518\",\"sortorder\":\"\",\"collector\":\"\",\"children\":[]}]},{\"conceptid\":\"bc0387aa-3239-4edd-99b2-e7502aa33e0b\",\"text\":\"entertainment events\",\"id\":\"7dfde640-cd42-47a6-8b23-5ea951260c09\",\"sortorder\":\"\",\"collector\":\"\",\"children\":[{\"conceptid\":\"6d0976f4-0d52-463b-af5a-d5a923e14694\",\"text\":\"carnivals\",\"id\":\"18343ee5-0835-4749-9b7e-9627287f6647\",\"sortorder\":\"\",\"collector\":\"\",\"children\":[]},{\"conceptid\":\"303fe970-8074-4858-8f87-efad3741ace9\",\"text\":\"parades\",\"id\":\"e0863248-3ba1-482f-b532-83705facfefd\",\"sortorder\":\"\",\"collector\":\"\",\"children\":[]},{\"conceptid\":\"9ce453e0-8f43-4e94-9963-e232b615210e\",\"text\":\"performances\",\"id\":\"479930f1-1153-4acc-bae9-fd97c1e9d4aa\",\"sortorder\":\"\",\"collector\":\"\",\"children\":[]}]},{\"conceptid\":\"8627393e-7fb8-4ba5-92c1-8b4b41a45f3a\",\"text\":\"exhibitions\",\"id\":\"ddd7c615-c7d1-4d2d-8163-80604f56ec34\",\"sortorder\":\"\",\"collector\":\"\",\"children\":[{\"conceptid\":\"3a062969-c287-4221-9b83-e4b67f339cbf\",\"text\":\"annuals\",\"id\":\"c60a0fbb-0c75-40b7-a3c5-c08af3194ab9\",\"sortorder\":\"\",\"collector\":\"\",\"children\":[]},{\"conceptid\":\"7a58d800-3da4-4617-9291-37e44f67e9e9\",\"text\":\"biennials\",\"id\":\"031a10e5-2ba2-467a-82a2-10e5fef2de88\",\"sortorder\":\"\",\"collector\":\"\",\"children\":[]},{\"conceptid\":\"92348704-002b-4819-a755-5d118a7f105b\",\"text\":\"fairs\",\"id\":\"7d085f7c-18a8-49cf-97f0-503b8b48ec94\",\"sortorder\":\"\",\"collector\":\"\",\"children\":[]},{\"conceptid\":\"658b3bed-2b1d-4bf7-9fd2-c38c2cc38250\",\"text\":\"fashion shows\",\"id\":\"b2a61bac-2d08-4c5e-b8e8-3a269033675e\",\"sortorder\":\"\",\"collector\":\"\",\"children\":[]},{\"conceptid\":\"c46305b7-893c-4370-926e-fbdf5b1d47c0\",\"text\":\"garden shows\",\"id\":\"31830aae-7a0c-4749-8803-e253e95663b3\",\"sortorder\":\"\",\"collector\":\"\",\"children\":[]},{\"conceptid\":\"64736c0b-a7ac-4831-98ec-d7e702d84d4d\",\"text\":\"industrial expositions\",\"id\":\"77dd30cf-d779-4b02-99dc-9f9cdb1a00fe\",\"sortorder\":\"\",\"collector\":\"\",\"children\":[]},{\"conceptid\":\"a502e3d8-c3b0-40e1-a0e4-22e45ae40118\",\"text\":\"open air expositions\",\"id\":\"1f726224-9eb0-4a37-b236-be7adfc8384f\",\"sortorder\":\"\",\"collector\":\"\",\"children\":[]},{\"conceptid\":\"120bd793-a18f-47fa-b37c-4a2bfa7b776e\",\"text\":\"retrospectives\",\"id\":\"942e0f7f-c38c-4654-87a5-e2b141f2d1e6\",\"sortorder\":\"\",\"collector\":\"\",\"children\":[]},{\"conceptid\":\"e61f32fc-c3e0-48b7-95b4-9e40a88fd807\",\"text\":\"traveling exhibitions\",\"id\":\"69a01530-e142-4baa-b7f2-c17bbde616a8\",\"sortorder\":\"\",\"collector\":\"\",\"children\":[]},{\"conceptid\":\"062d646a-a524-4f9f-b159-d24fd5cb1eed\",\"text\":\"triennials\",\"id\":\"f8dd1201-1813-4725-9766-f5755ea381f5\",\"sortorder\":\"\",\"collector\":\"\",\"children\":[]}]},{\"conceptid\":\"e3dd8ffd-493e-40dd-9bd0-564adde62e89\",\"text\":\"explosions\",\"id\":\"804555f3-441a-4ded-954c-8d2c9143d0c1\",\"sortorder\":\"\",\"collector\":\"\",\"children\":[]},{\"conceptid\":\"7a977f13-e521-4407-b68c-9aa8b0c0dc65\",\"text\":\"famines\",\"id\":\"da203d6e-ae7b-498f-bc12-043bef0fc01a\",\"sortorder\":\"\",\"collector\":\"\",\"children\":[]},{\"conceptid\":\"0c6f3937-1f92-410b-a622-49fc1f294e12\",\"text\":\"fasts\",\"id\":\"0e63b645-966b-4025-9a69-c8be45c325a8\",\"sortorder\":\"\",\"collector\":\"\",\"children\":[]},{\"conceptid\":\"a8b04c57-6d38-4c31-978b-311ede8b80a8\",\"text\":\"fires\",\"id\":\"55f7c319-a3fd-42cc-a872-71c391736965\",\"sortorder\":\"\",\"collector\":\"\",\"children\":[]},{\"conceptid\":\"5223c299-a58c-4dd3-8516-714ef5b471b0\",\"text\":\"holidays\",\"id\":\"56f8d2be-e190-4fef-8c2d-ef053137b7ec\",\"sortorder\":\"\",\"collector\":\"\",\"children\":[{\"conceptid\":\"0619da4a-f582-4761-aa04-14ab9bfeee5e\",\"text\":\"legal holidays\",\"id\":\"819fb72b-1d06-442a-86aa-f32271995780\",\"sortorder\":\"\",\"collector\":\"\",\"children\":[]},{\"conceptid\":\"5d3ef3d9-7609-4f18-8b02-bc31cca3d2cc\",\"text\":\"local holidays\",\"id\":\"2ba523ce-a2d6-4f8f-b042-419cd0285aef\",\"sortorder\":\"\",\"collector\":\"\",\"children\":[]},{\"conceptid\":\"ccc02519-81ff-4ac7-ae00-9529da2c2bdd\",\"text\":\"national holidays\",\"id\":\"451c254b-ada0-4db0-a28f-6b6afed4def0\",\"sortorder\":\"\",\"collector\":\"\",\"children\":[]},{\"conceptid\":\"bff99525-b82b-430b-968f-20ef033a36ca\",\"text\":\"religious holidays\",\"id\":\"41d515d9-28fe-4a29-8ead-f152bed6fd57\",\"sortorder\":\"\",\"collector\":\"\",\"children\":[]}]},{\"conceptid\":\"80fabedf-07e0-4e58-af35-3eb05ca13c7f\",\"text\":\"implosions\",\"id\":\"d84a1f85-93d6-4d33-b554-5aaf112f6351\",\"sortorder\":\"\",\"collector\":\"\",\"children\":[]},{\"conceptid\":\"a0a940a8-ad6c-4fe5-bc9d-f466bfecd3d5\",\"text\":\"journeys\",\"id\":\"aa0d6e47-ffac-40bf-b60c-6915e134120e\",\"sortorder\":\"\",\"collector\":\"\",\"children\":[{\"conceptid\":\"c0763594-7c14-4e94-830e-500e87783c43\",\"text\":\"cruises\",\"id\":\"14560e13-9a15-4c3d-a566-3db92d007c9d\",\"sortorder\":\"\",\"collector\":\"\",\"children\":[]},{\"conceptid\":\"09e65834-b175-4c99-bf62-18e077832888\",\"text\":\"expeditions\",\"id\":\"2ddf56cb-1d15-472e-b56d-c2ed6255b89e\",\"sortorder\":\"\",\"collector\":\"\",\"children\":[]},{\"conceptid\":\"72de4505-f5c7-45d7-aca8-5494d3ff8698\",\"text\":\"migrations\",\"id\":\"872b43eb-11b2-4df0-9798-2017c0b2446f\",\"sortorder\":\"\",\"collector\":\"\",\"children\":[]},{\"conceptid\":\"aab16ce3-ebe3-4a46-b012-571394f5e194\",\"text\":\"pilgrimages\",\"id\":\"9157cbc9-13e1-4139-8687-549a229b17ca\",\"sortorder\":\"\",\"collector\":\"\",\"children\":[]},{\"conceptid\":\"5c1187a7-4298-44ca-abe2-f4be24fae2fe\",\"text\":\"tours\",\"id\":\"2df7f05c-a21e-46e6-9009-5def5c402f33\",\"sortorder\":\"\",\"collector\":\"\",\"children\":[]}]},{\"conceptid\":\"66840acc-0c11-4ec9-a3c6-722de96087aa\",\"text\":\"judicial events\",\"id\":\"fb12e60a-909a-4365-b22b-ce0b4bd44ec5\",\"sortorder\":\"\",\"collector\":\"\",\"children\":[{\"conceptid\":\"46239e03-57e2-41ec-ac2f-9276ba2532f1\",\"text\":\"actions\",\"id\":\"fb342dba-ca4f-4f6f-80e4-827bbb8ae584\",\"sortorder\":\"\",\"collector\":\"\",\"children\":[]},{\"conceptid\":\"4b350d55-193e-481b-9788-18c457b7cfe6\",\"text\":\"trials\",\"id\":\"f8b78a74-f883-44af-a57c-b6e0f848be4a\",\"sortorder\":\"\",\"collector\":\"\",\"children\":[]}]},{\"conceptid\":\"d29b51a2-4c16-4948-8997-4d8dcb80e4a2\",\"text\":\"leisure events\",\"id\":\"ce993618-6936-4b9f-9c2e-c6239bd0d701\",\"sortorder\":\"\",\"collector\":\"\",\"children\":[{\"conceptid\":\"6791981b-2971-4931-87bb-a0b60d2247c9\",\"text\":\"vacations\",\"id\":\"5dd0a5b8-3ecd-4bd5-90b5-f37d02c246d5\",\"sortorder\":\"\",\"collector\":\"\",\"children\":[]}]},{\"conceptid\":\"c48afda9-d2cc-4b68-ae12-35c32909297b\",\"text\":\"meetings\",\"id\":\"ffb9049a-8a17-4a1d-8152-46544053a1ee\",\"sortorder\":\"\",\"collector\":\"\",\"children\":[{\"conceptid\":\"e3b9aa26-a94b-4111-8471-f1b37800abac\",\"text\":\"conferences\",\"id\":\"5147024d-00ca-4b7e-9109-bfb2f84ed428\",\"sortorder\":\"\",\"collector\":\"\",\"children\":[]},{\"conceptid\":\"6661bd3a-4f32-40df-8455-981a44c41484\",\"text\":\"hearings\",\"id\":\"66299b32-c4e1-410b-9ca5-01f9b0b9e070\",\"sortorder\":\"\",\"collector\":\"\",\"children\":[]},{\"conceptid\":\"54b79044-e381-43e4-b55b-545640c4b33c\",\"text\":\"press conferences\",\"id\":\"5fb03314-4b94-407d-ab69-fd4d4a43cb98\",\"sortorder\":\"\",\"collector\":\"\",\"children\":[]},{\"conceptid\":\"0205f4c0-2281-4bff-bd74-ed1ce919d02c\",\"text\":\"summit meetings\",\"id\":\"060feb06-7c8e-41ad-aa0a-2f1d9cfa5733\",\"sortorder\":\"\",\"collector\":\"\",\"children\":[]},{\"conceptid\":\"d91512d7-0232-4f01-abef-5f63c94c5f7c\",\"text\":\"town meetings\",\"id\":\"e8b0df4e-874b-4dfe-87b0-5bb11657a541\",\"sortorder\":\"\",\"collector\":\"\",\"children\":[]},{\"conceptid\":\"9ca1cf31-0963-450e-966a-a3cae27e9a85\",\"text\":\"union meetings\",\"id\":\"57bc0153-ac5e-4f1f-99c5-3045c9e2be42\",\"sortorder\":\"\",\"collector\":\"\",\"children\":[]}]},{\"conceptid\":\"7c32a4a1-a6c7-4da0-a02f-789e040ad0b7\",\"text\":\"miracles\",\"id\":\"52182bb7-c5b6-49fb-bda3-99e0642b2c0c\",\"sortorder\":\"\",\"collector\":\"\",\"children\":[]},{\"conceptid\":\"2452ee2e-4ac7-4d39-a3df-6abfda1201e0\",\"text\":\"natural events\",\"id\":\"ba30c7bc-2c03-4543-ac90-ea57f6248f64\",\"sortorder\":\"\",\"collector\":\"\",\"children\":[{\"conceptid\":\"7abffb7c-b652-4c55-9bf6-b7a360dfec61\",\"text\":\"avalanches\",\"id\":\"b4712f88-86a4-4225-944b-1e193fbe084f\",\"sortorder\":\"\",\"collector\":\"\",\"children\":[]},{\"conceptid\":\"b96f45e4-0994-4170-9363-04dee830e7ee\",\"text\":\"earthquakes\",\"id\":\"66046480-3da5-42ba-a29b-baa494b61876\",\"sortorder\":\"\",\"collector\":\"\",\"children\":[]},{\"conceptid\":\"303cd526-4c5c-4077-9bb2-e749f5da26cc\",\"text\":\"eclipses\",\"id\":\"d92304cb-4160-4b4d-9a99-755824214a76\",\"sortorder\":\"\",\"collector\":\"\",\"children\":[]},{\"conceptid\":\"bd20fdf9-c868-42af-9206-f4d0f976ba78\",\"text\":\"floods\",\"id\":\"1a5ea14e-c3f5-46d5-91f0-95c092768906\",\"sortorder\":\"\",\"collector\":\"\",\"children\":[]},{\"conceptid\":\"f9526e09-893f-4ca1-a653-0ad5136f0d44\",\"text\":\"meteors\",\"id\":\"a653a44a-fcff-4b32-845a-3376286a2816\",\"sortorder\":\"\",\"collector\":\"\",\"children\":[]},{\"conceptid\":\"8c2cd6d9-d1b8-423c-b8ee-ada03fac5149\",\"text\":\"storms\",\"id\":\"1211fe99-50cf-454f-8e89-dc4b1be18372\",\"sortorder\":\"\",\"collector\":\"\",\"children\":[]},{\"conceptid\":\"3f5048f1-cc00-4c6a-9be9-6f1817d492c1\",\"text\":\"waves\",\"id\":\"d1f3bf7a-1dbd-4480-909e-5251218d935c\",\"sortorder\":\"\",\"collector\":\"\",\"children\":[]}]},{\"conceptid\":\"d6220c15-0b45-4f3c-be24-a89b249f2841\",\"text\":\"openings\",\"id\":\"2a8473e3-5379-42fb-aa17-b2d1e8d203cd\",\"sortorder\":\"\",\"collector\":\"\",\"children\":[{\"conceptid\":\"48f21b2c-e2a0-4482-9dde-438dfe8ef946\",\"text\":\"balls\",\"id\":\"12335ccc-4917-4e73-a1c2-f883d1bcdac1\",\"sortorder\":\"\",\"collector\":\"\",\"children\":[]},{\"conceptid\":\"128b6c59-041a-475c-9d8b-032f04d3bba1\",\"text\":\"exhibition openings\",\"id\":\"9eb2cffe-93aa-47bb-9155-95510f8517aa\",\"sortorder\":\"\",\"collector\":\"\",\"children\":[]},{\"conceptid\":\"8a533993-8878-4c29-85b4-90623648ca94\",\"text\":\"galas\",\"id\":\"c1da1931-c074-40f2-a03f-01ed49f7add8\",\"sortorder\":\"\",\"collector\":\"\",\"children\":[]},{\"conceptid\":\"85db560a-38f0-4958-ac41-b99aaa3bb155\",\"text\":\"parties\",\"id\":\"f9d5e9d4-973f-4a9f-9c8a-bc2e2e8b9fae\",\"sortorder\":\"\",\"collector\":\"\",\"children\":[]},{\"conceptid\":\"0478ce9a-d284-4213-9a1c-3df1ac1d642e\",\"text\":\"premieres\",\"id\":\"4a317f01-3b1e-4705-898c-21ae2f5f229e\",\"sortorder\":\"\",\"collector\":\"\",\"children\":[]},{\"conceptid\":\"07bffdfd-b96c-4ec6-8591-b2ff4be70093\",\"text\":\"receptions\",\"id\":\"9eba65cf-274b-4750-9178-375952c59070\",\"sortorder\":\"\",\"collector\":\"\",\"children\":[]},{\"conceptid\":\"838b0786-d3ad-4d4a-9b5b-0037f0c2219f\",\"text\":\"symposia\",\"id\":\"1d56685b-f00d-4ddd-a150-58c424558d55\",\"sortorder\":\"\",\"collector\":\"\",\"children\":[]}]},{\"conceptid\":\"128beadd-f478-44db-a3c8-955890dc4af3\",\"text\":\"personal life events\",\"id\":\"58bf3eec-09fd-48a7-be95-35e5cc706892\",\"sortorder\":\"\",\"collector\":\"\",\"children\":[{\"conceptid\":\"96d4c5d3-cda2-4261-a5a1-7c575d4cfa7a\",\"text\":\"births\",\"id\":\"8517345d-ae89-44ec-9aff-95b1fc75f3ce\",\"sortorder\":\"\",\"collector\":\"\",\"children\":[]},{\"conceptid\":\"3b4f5cb4-feda-41e9-8a36-b27dcda6ee0b\",\"text\":\"courtships\",\"id\":\"ae8110b0-7564-4f9d-8dcb-e0fbf99772b4\",\"sortorder\":\"\",\"collector\":\"\",\"children\":[]},{\"conceptid\":\"75d0b23c-1436-4c56-97c5-8ec18d3461e7\",\"text\":\"deaths\",\"id\":\"1a557650-8000-458d-b873-74295c4aa801\",\"sortorder\":\"\",\"collector\":\"\",\"children\":[]}]},{\"conceptid\":\"b9d2a101-f9a2-4a8e-baf0-3a5517bc4e18\",\"text\":\"plagues\",\"id\":\"e1d2a236-2d61-427a-99b4-4ea5419cbf45\",\"sortorder\":\"\",\"collector\":\"\",\"children\":[]},{\"conceptid\":\"d15311cc-231f-4a09-8d06-365843ac58cd\",\"text\":\"political events\",\"id\":\"84038e49-f954-4b6b-be81-b291f2a323f5\",\"sortorder\":\"\",\"collector\":\"\",\"children\":[{\"conceptid\":\"b63b51cf-309f-484d-9b8a-68c8be0e3699\",\"text\":\"coups d'etat\",\"id\":\"55b75401-47df-48e7-a0bd-e7917863fd8b\",\"sortorder\":\"\",\"collector\":\"\",\"children\":[]},{\"conceptid\":\"a7bca9e2-8ba4-463b-b880-4a48728533c6\",\"text\":\"demonstrations\",\"id\":\"0259d9f3-a495-4f4f-98b7-c54d292fbf68\",\"sortorder\":\"\",\"collector\":\"\",\"children\":[]},{\"conceptid\":\"422247da-e57c-4a4f-af81-c6ca2a611166\",\"text\":\"elections\",\"id\":\"1e5fc6e4-31b2-46e4-90d5-ab39fe47f16f\",\"sortorder\":\"\",\"collector\":\"\",\"children\":[]},{\"conceptid\":\"6a06fcf4-da63-4365-a9aa-9f7a8df24eb2\",\"text\":\"presentations\",\"id\":\"0b0e5530-79e4-4703-976a-ee4452f572a5\",\"sortorder\":\"\",\"collector\":\"\",\"children\":[]},{\"conceptid\":\"94a1eedf-60d6-45b9-b445-ca625e1d61ad\",\"text\":\"rallies\",\"id\":\"350badc9-640d-402d-acdb-4f27ed6a0017\",\"sortorder\":\"\",\"collector\":\"\",\"children\":[]},{\"conceptid\":\"35caabfe-54be-45f0-8061-23c59f6664b3\",\"text\":\"revolutions\",\"id\":\"ac255a2b-8a4b-4c94-aa8b-3c6efcdf23fd\",\"sortorder\":\"\",\"collector\":\"\",\"children\":[]},{\"conceptid\":\"dafb828e-2873-4830-aa52-a70132e1bc9c\",\"text\":\"riots\",\"id\":\"362a32d3-ee06-48b9-aecc-fbd69eb1f7a5\",\"sortorder\":\"\",\"collector\":\"\",\"children\":[]}]},{\"conceptid\":\"7ae1b7ed-2e85-439e-ad6d-3ab419f121da\",\"text\":\"previews\",\"id\":\"cfb3e9ef-98d1-4be6-ba7c-a28f13d862f0\",\"sortorder\":\"\",\"collector\":\"\",\"children\":[]},{\"conceptid\":\"2ececb1e-1052-4e69-b8ee-305d370d8a67\",\"text\":\"religious events\",\"id\":\"e147aa5c-4a2f-4771-9f67-c2062b97531f\",\"sortorder\":\"\",\"collector\":\"\",\"children\":[]},{\"conceptid\":\"45e7558e-510b-49c8-8757-3e35c7db7339\",\"text\":\"religious seasons\",\"id\":\"5790d033-da21-4e3a-9854-b2327ede9478\",\"sortorder\":\"\",\"collector\":\"\",\"children\":[]},{\"conceptid\":\"8376a0c4-1d09-4ee8-9398-50a66ed9aca6\",\"text\":\"rituals\",\"id\":\"f46ecc1e-8c55-4bf5-890f-753b37250ccd\",\"sortorder\":\"\",\"collector\":\"\",\"children\":[]},{\"conceptid\":\"28192a53-5630-4e3b-be3b-0bb596ad8803\",\"text\":\"science and technology\",\"id\":\"46877cc2-a882-414a-b8e5-e362446ccce8\",\"sortorder\":\"\",\"collector\":\"\",\"children\":[{\"conceptid\":\"c0c97e35-0ed3-42d7-ad78-362da68fa084\",\"text\":\"discoveries\",\"id\":\"c4d7a006-6f19-48e5-aac8-c949e77fbcfa\",\"sortorder\":\"\",\"collector\":\"\",\"children\":[]},{\"conceptid\":\"83b9bd77-ff72-4bf0-b0ec-ea1f267b6de4\",\"text\":\"inventions\",\"id\":\"22415674-0bd1-4930-a69f-65d0f4857423\",\"sortorder\":\"\",\"collector\":\"\",\"children\":[]},{\"conceptid\":\"7f997747-f54c-4da4-b10c-adc7186ac8ac\",\"text\":\"launches\",\"id\":\"1c5f8a45-08ae-48c4-9f44-8e024cfb0ace\",\"sortorder\":\"\",\"collector\":\"\",\"children\":[]}]},{\"conceptid\":\"9804ce18-74dd-480f-9c48-d75bdd042850\",\"text\":\"victories\",\"id\":\"fbf1fe71-8287-4aae-9814-dbfb4e16bdd9\",\"sortorder\":\"\",\"collector\":\"\",\"children\":[]},{\"conceptid\":\"a822f1c7-8e48-41d3-b828-c44394492f40\",\"text\":\"work-related events\",\"id\":\"eca1be28-b2bc-4eaa-adfd-5c6948a851fb\",\"sortorder\":\"\",\"collector\":\"\",\"children\":[{\"conceptid\":\"23eff396-21cb-4bed-967a-0c07b0e04922\",\"text\":\"lockouts\",\"id\":\"7098c32b-219e-4f10-af46-4f3b65f85169\",\"sortorder\":\"\",\"collector\":\"\",\"children\":[]},{\"conceptid\":\"54ea03ff-6c57-4f0a-b7c4-4b0fe40e965f\",\"text\":\"strikes\",\"id\":\"85c8047a-a6c3-49f9-a9e4-c1a698080fb2\",\"sortorder\":\"\",\"collector\":\"\",\"children\":[]}]}],\"label\":\"Historical Event Type\"}", 
                    "id": "7d719a6a-b8ea-11e6-84a5-026d961c88e6", 
                    "label": "Historical Event Type", 
                    "node_id": "4880232f-9644-11e6-8a28-026d961c88e6", 
                    "sortorder": 0, 
                    "widget_id": "10000000-0000-0000-0000-000000000002"
                }, 
                {
                    "card_id": "db074693-9640-11e6-8a28-026d961c88e6", 
                    "config": "{\"placeholder\":\"Select zero or multiple Cultural Periods\",\"options\":[],\"label\":\"Cultural Period(s)\"}", 
                    "id": "7d719a68-b8ea-11e6-84a5-026d961c88e6", 
                    "label": "Cultural Period(s)", 
                    "node_id": "8b922995-9641-11e6-8a28-026d961c88e6", 
                    "sortorder": 1, 
                    "widget_id": "10000000-0000-0000-0000-000000000012"
                }, 
                {
                    "card_id": "db074693-9640-11e6-8a28-026d961c88e6", 
                    "config": "{\"maxDate\":false,\"viewMode\":\"days\",\"dateFormat\":\"YYYY-MM-DD\",\"placeholder\":\"Enter date\",\"minDate\":false,\"label\":\"From Date\"}", 
                    "id": "7d719a6b-b8ea-11e6-84a5-026d961c88e6", 
                    "label": "From Date", 
                    "node_id": "fe889397-9643-11e6-8a28-026d961c88e6", 
                    "sortorder": 2, 
                    "widget_id": "10000000-0000-0000-0000-000000000004"
                }, 
                {
                    "card_id": "db074693-9640-11e6-8a28-026d961c88e6", 
                    "config": "{\"maxDate\":false,\"viewMode\":\"days\",\"dateFormat\":\"YYYY-MM-DD\",\"placeholder\":\"Enter date\",\"minDate\":false,\"label\":\"To Date\"}", 
                    "id": "7d719a69-b8ea-11e6-84a5-026d961c88e6", 
                    "label": "To Date", 
                    "node_id": "114eefdf-9644-11e6-8a28-026d961c88e6", 
                    "sortorder": 3, 
                    "widget_id": "10000000-0000-0000-0000-000000000004"
                }
            ], 
            "deploymentdate": null, 
            "deploymentfile": null, 
            "description": "Describes a Historical Event Type within a given timespan/phase. \n\nConnects to the Historical Event resource model via P10", 
            "edges": [
                {
                    "description": null, 
                    "domainnode_id": "6ff6d8c5-9641-11e6-8a28-026d961c88e6", 
                    "edgeid": "de1651e0-9643-11e6-8a28-026d961c88e6", 
                    "graph_id": "db074691-9640-11e6-8a28-026d961c88e6", 
                    "name": null, 
                    "ontologyproperty": "http://www.cidoc-crm.org/cidoc-crm/P4_has_time-span", 
                    "rangenode_id": "de1651df-9643-11e6-8a28-026d961c88e6"
                }, 
                {
                    "description": null, 
                    "domainnode_id": "db074690-9640-11e6-8a28-026d961c88e6", 
                    "edgeid": "6ff6d8c6-9641-11e6-8a28-026d961c88e6", 
                    "graph_id": "db074691-9640-11e6-8a28-026d961c88e6", 
                    "name": null, 
                    "ontologyproperty": "http://www.cidoc-crm.org/cidoc-crm/P141i_was_assigned_by", 
                    "rangenode_id": "6ff6d8c5-9641-11e6-8a28-026d961c88e6"
                }, 
                {
                    "description": null, 
                    "domainnode_id": "de1651df-9643-11e6-8a28-026d961c88e6", 
                    "edgeid": "114eefe0-9644-11e6-8a28-026d961c88e6", 
                    "graph_id": "db074691-9640-11e6-8a28-026d961c88e6", 
                    "name": null, 
                    "ontologyproperty": "http://www.cidoc-crm.org/cidoc-crm/P78_is_identified_by", 
                    "rangenode_id": "114eefdf-9644-11e6-8a28-026d961c88e6"
                }, 
                {
                    "description": null, 
                    "domainnode_id": "6ff6d8c5-9641-11e6-8a28-026d961c88e6", 
                    "edgeid": "48802330-9644-11e6-8a28-026d961c88e6", 
                    "graph_id": "db074691-9640-11e6-8a28-026d961c88e6", 
                    "name": null, 
                    "ontologyproperty": "http://www.cidoc-crm.org/cidoc-crm/P42_assigned", 
                    "rangenode_id": "4880232f-9644-11e6-8a28-026d961c88e6"
                }, 
                {
                    "description": null, 
                    "domainnode_id": "6ff6d8c5-9641-11e6-8a28-026d961c88e6", 
                    "edgeid": "8b922996-9641-11e6-8a28-026d961c88e6", 
                    "graph_id": "db074691-9640-11e6-8a28-026d961c88e6", 
                    "name": null, 
                    "ontologyproperty": "http://www.cidoc-crm.org/cidoc-crm/P42_assigned", 
                    "rangenode_id": "8b922995-9641-11e6-8a28-026d961c88e6"
                }, 
                {
                    "description": null, 
                    "domainnode_id": "de1651df-9643-11e6-8a28-026d961c88e6", 
                    "edgeid": "fe889398-9643-11e6-8a28-026d961c88e6", 
                    "graph_id": "db074691-9640-11e6-8a28-026d961c88e6", 
                    "name": null, 
                    "ontologyproperty": "http://www.cidoc-crm.org/cidoc-crm/P78_is_identified_by", 
                    "rangenode_id": "fe889397-9643-11e6-8a28-026d961c88e6"
                }
            ], 
            "forms": [], 
            "forms_x_cards": [], 
            "functions": [], 
            "graphid": "db074691-9640-11e6-8a28-026d961c88e6", 
            "iconclass": "fa fa-certificate", 
            "isactive": true, 
            "isresource": false, 
            "mapfeaturecolor": null, 
            "maplinewidth": null, 
            "mappointsize": null, 
            "name": "Event Phase Type", 
            "nodegroups": [
                {
                    "cardinality": "n", 
                    "legacygroupid": null, 
                    "nodegroupid": "db074690-9640-11e6-8a28-026d961c88e6", 
                    "parentnodegroup_id": null
                }
            ], 
            "nodes": [
                {
                    "config": null, 
                    "datatype": "semantic", 
                    "description": "Represents a single node in a graph", 
                    "graph_id": "db074691-9640-11e6-8a28-026d961c88e6", 
                    "is_collector": false, 
                    "istopnode": false, 
                    "name": "Time-Span Phase", 
                    "nodegroup_id": "db074690-9640-11e6-8a28-026d961c88e6", 
                    "nodeid": "de1651df-9643-11e6-8a28-026d961c88e6", 
                    "ontologyclass": "http://www.cidoc-crm.org/cidoc-crm/E52_Time-Span", 
                    "parentproperty": "http://www.cidoc-crm.org/cidoc-crm/P4_has_time-span"
                }, 
                {
                    "config": null, 
                    "datatype": "semantic", 
                    "description": "Represents a single node in a graph", 
                    "graph_id": "db074691-9640-11e6-8a28-026d961c88e6", 
                    "is_collector": false, 
                    "istopnode": false, 
                    "name": "Phase Type Assignment", 
                    "nodegroup_id": "db074690-9640-11e6-8a28-026d961c88e6", 
                    "nodeid": "6ff6d8c5-9641-11e6-8a28-026d961c88e6", 
                    "ontologyclass": "http://www.cidoc-crm.org/cidoc-crm/E17_Type_Assignment", 
                    "parentproperty": "http://www.cidoc-crm.org/cidoc-crm/P141i_was_assigned_by"
                }, 
                {
                    "config": {
                        "rdmCollection": "9cd33b58-0f85-4993-9d8a-e0eb1737643d"
                    }, 
                    "datatype": "concept", 
                    "description": "Represents a single node in a graph", 
                    "graph_id": "db074691-9640-11e6-8a28-026d961c88e6", 
                    "is_collector": false, 
                    "istopnode": false, 
                    "name": "Historical Event Type", 
                    "nodegroup_id": "db074690-9640-11e6-8a28-026d961c88e6", 
                    "nodeid": "4880232f-9644-11e6-8a28-026d961c88e6", 
                    "ontologyclass": "http://www.cidoc-crm.org/cidoc-crm/E55_Type", 
                    "parentproperty": "http://www.cidoc-crm.org/cidoc-crm/P42_assigned"
                }, 
                {
                    "config": null, 
                    "datatype": "date", 
                    "description": "Represents a single node in a graph", 
                    "graph_id": "db074691-9640-11e6-8a28-026d961c88e6", 
                    "is_collector": false, 
                    "istopnode": false, 
                    "name": "To Date", 
                    "nodegroup_id": "db074690-9640-11e6-8a28-026d961c88e6", 
                    "nodeid": "114eefdf-9644-11e6-8a28-026d961c88e6", 
                    "ontologyclass": "http://www.cidoc-crm.org/cidoc-crm/E49_Time_Appellation", 
                    "parentproperty": "http://www.cidoc-crm.org/cidoc-crm/P78_is_identified_by"
                }, 
                {
                    "config": null, 
                    "datatype": "semantic", 
                    "description": "", 
                    "graph_id": "db074691-9640-11e6-8a28-026d961c88e6", 
                    "is_collector": true, 
                    "istopnode": true, 
                    "name": "Arches Event Phase", 
                    "nodegroup_id": "db074690-9640-11e6-8a28-026d961c88e6", 
                    "nodeid": "db074690-9640-11e6-8a28-026d961c88e6", 
                    "ontologyclass": "http://www.cidoc-crm.org/cidoc-crm/E4_Period", 
                    "parentproperty": ""
                }, 
                {
                    "config": {
                        "rdmCollection": null
                    }, 
                    "datatype": "concept-list", 
                    "description": "Represents a single node in a graph", 
                    "graph_id": "db074691-9640-11e6-8a28-026d961c88e6", 
                    "is_collector": false, 
                    "istopnode": false, 
                    "name": "Cultural Period", 
                    "nodegroup_id": "db074690-9640-11e6-8a28-026d961c88e6", 
                    "nodeid": "8b922995-9641-11e6-8a28-026d961c88e6", 
                    "ontologyclass": "http://www.cidoc-crm.org/cidoc-crm/E55_Type", 
                    "parentproperty": "http://www.cidoc-crm.org/cidoc-crm/P42_assigned"
                }, 
                {
                    "config": null, 
                    "datatype": "date", 
                    "description": "Represents a single node in a graph", 
                    "graph_id": "db074691-9640-11e6-8a28-026d961c88e6", 
                    "is_collector": false, 
                    "istopnode": false, 
                    "name": "From Date", 
                    "nodegroup_id": "db074690-9640-11e6-8a28-026d961c88e6", 
                    "nodeid": "fe889397-9643-11e6-8a28-026d961c88e6", 
                    "ontologyclass": "http://www.cidoc-crm.org/cidoc-crm/E49_Time_Appellation", 
                    "parentproperty": "http://www.cidoc-crm.org/cidoc-crm/P78_is_identified_by"
                }
            ], 
            "ontology_id": "e6e8db47-2ccf-11e6-927e-b8f6b115d7dd", 
            "reports": [], 
            "root": {
                "config": null, 
                "datatype": "semantic", 
                "description": "", 
                "graph_id": "db074691-9640-11e6-8a28-026d961c88e6", 
                "is_collector": true, 
                "istopnode": true, 
                "name": "Arches Event Phase", 
                "nodegroup_id": "db074690-9640-11e6-8a28-026d961c88e6", 
                "nodeid": "db074690-9640-11e6-8a28-026d961c88e6", 
                "ontologyclass": "http://www.cidoc-crm.org/cidoc-crm/E4_Period", 
                "parentproperty": ""
            }, 
            "subtitle": "Describes a Historical Event Type within a given timespan/phase", 
            "version": ""
        }
    ], 
    "metadata": {
        "db": "PostgreSQL 9.6.0 on x86_64-pc-linux-gnu, compiled by gcc (Ubuntu 5.3.1-14ubuntu2) 5.3.1 20160413, 64-bit", 
        "git hash": "ff93bd9 2017-01-24 10:17:51 -0800", 
        "os": "Linux", 
        "os version": "4.4.0-45-generic"
    }
}