{
    "graph": [
        {
            "author": " GCI", 
            "cards": [
                {
                    "active": true, 
                    "cardid": "7aca0f06-a122-11e6-84a5-026d961c88e6", 
                    "description": "", 
                    "graph_id": "7aca0f00-a122-11e6-84a5-026d961c88e6", 
                    "helpenabled": false, 
                    "helptext": null, 
                    "helptitle": null, 
                    "instructions": "This card ties together a Heritage Group Style and Use Type with timeframe based on cultural period or actual dates.  For a separate combination Style and Use Type, create a separate entry.", 
                    "name": "Style", 
                    "nodegroup_id": "7aca0f04-a122-11e6-84a5-026d961c88e6", 
                    "sortorder": 1, 
                    "visible": true
                }, 
                {
                    "active": true, 
                    "cardid": "7aca0f09-a122-11e6-84a5-026d961c88e6", 
                    "description": "", 
                    "graph_id": "7aca0f00-a122-11e6-84a5-026d961c88e6", 
                    "helpenabled": false, 
                    "helptext": null, 
                    "helptitle": null, 
                    "instructions": "This card ties together a Heritage Group Type and Use Type with timeframe based on cultural period or actual dates.  For a separate combination Group Type and Use Type, create a separate entry.", 
                    "name": "Heritage Resource Group/Use Type", 
                    "nodegroup_id": "7aca0f07-a122-11e6-84a5-026d961c88e6", 
                    "sortorder": 0, 
                    "visible": true
                }, 
                {
                    "active": true, 
                    "cardid": "7aca0f0c-a122-11e6-84a5-026d961c88e6", 
                    "description": "Phase Type Assignments for Heritage Resource Group E27\n\nConnects via P92i", 
                    "graph_id": "7aca0f00-a122-11e6-84a5-026d961c88e6", 
                    "helpenabled": false, 
                    "helptext": null, 
                    "helptitle": null, 
                    "instructions": null, 
                    "name": "Heritage Resource Group Phase Type", 
                    "nodegroup_id": "7aca0f0a-a122-11e6-84a5-026d961c88e6", 
                    "sortorder": null, 
                    "visible": true
                }, 
                {
                    "active": true, 
                    "cardid": "7aca0f03-a122-11e6-84a5-026d961c88e6", 
                    "description": "", 
                    "graph_id": "7aca0f00-a122-11e6-84a5-026d961c88e6", 
                    "helpenabled": false, 
                    "helptext": null, 
                    "helptitle": null, 
                    "instructions": "This card ties together a Related/Acillary Features and Use Type with timeframe based on cultural period or actual dates.  For a separate combination Related/Ancillary Features and Use Type, create a separate entry.", 
                    "name": "Related/Ancillary Feature", 
                    "nodegroup_id": "7aca0f01-a122-11e6-84a5-026d961c88e6", 
                    "sortorder": 2, 
                    "visible": true
                }
            ], 
            "cards_x_nodes_x_widgets": [
                {
                    "card_id": "7aca0f03-a122-11e6-84a5-026d961c88e6", 
                    "config": "{\"placeholder\":\"Select zero or multiple Cultural Periods\",\"options\":[{\"conceptid\":\"ae6299ad-fa18-4fc5-92ab-95880248fe66\",\"text\":\"CULTURAL PERIODS - California\",\"id\":\"5d8554b5-c69c-4fbf-bd98-2835f80dcebb\",\"sortorder\":\"301\",\"collector\":\"\",\"children\":[{\"conceptid\":\"e4b33c2e-31c8-4819-89dd-0bd46f3c4e8a\",\"text\":\"Early\",\"id\":\"dbd86244-343f-4ffd-8e53-c8a9c74d130f\",\"sortorder\":\"302\",\"collector\":\"\",\"children\":[]},{\"conceptid\":\"aca5fe20-aba4-454e-a224-77b4e1379751\",\"text\":\"Milling Stone\",\"id\":\"13c21698-fa98-4ff4-a2c6-aa12b3494164\",\"sortorder\":\"303\",\"collector\":\"\",\"children\":[]},{\"conceptid\":\"c4db511f-2c60-4078-9ba0-8ebf715a3121\",\"text\":\"Intermediate\",\"id\":\"376dcdeb-09dd-43da-8ce1-ea768363fdf0\",\"sortorder\":\"304\",\"collector\":\"\",\"children\":[]},{\"conceptid\":\"e7624242-8d70-4aaf-a0a4-8601ebdb45e2\",\"text\":\"Late\",\"id\":\"4515c692-2c65-40ab-acde-156576797afb\",\"sortorder\":\"305\",\"collector\":\"\",\"children\":[]},{\"conceptid\":\"42a0c455-d3ec-49ae-8635-0bdbc3cb103a\",\"text\":\"Spanish Colonial / Mission\",\"id\":\"cbe164b4-3358-46ce-a532-3e04da2ed294\",\"sortorder\":\"306\",\"collector\":\"\",\"children\":[]},{\"conceptid\":\"834e1aad-5ec5-4a2e-807c-14098e54c7dc\",\"text\":\"Mexican\",\"id\":\"b42673bc-9223-4f8c-a286-619e39bac2cd\",\"sortorder\":\"307\",\"collector\":\"\",\"children\":[]},{\"conceptid\":\"1b277d9e-0006-4556-b05c-e6bfc0f7fdbe\",\"text\":\"American\",\"id\":\"cb08fe06-dece-4064-a65e-23a729edcc73\",\"sortorder\":\"308\",\"collector\":\"\",\"children\":[]}]}],\"label\":\"Ancillary Feature Cultural Period(s)\"}", 
                    "id": "a6f8a42a-c304-11e6-84a5-026d961c88e6", 
                    "label": "Ancillary Feature Cultural Period(s)", 
                    "node_id": "7aca0f10-a122-11e6-84a5-026d961c88e6", 
                    "sortorder": 2, 
                    "widget_id": "10000000-0000-0000-0000-000000000002"
                }, 
                {
                    "card_id": "7aca0f03-a122-11e6-84a5-026d961c88e6", 
                    "config": "{\"placeholder\":\"Select an option\",\"options\":[{\"conceptid\":\"bf41125b-36de-4f67-b5ce-e081496546c3\",\"text\":\"Current\",\"id\":\"98fb7f40-6653-4ad8-800f-398fa8c3f976\",\"sortorder\":\"\",\"collector\":\"\",\"children\":[]},{\"conceptid\":\"9ba23d13-6c60-4d38-acae-ea76aff931a0\",\"text\":\"Historic\",\"id\":\"f4d86944-36e8-442a-b863-d5cc206a66b0\",\"sortorder\":\"\",\"collector\":\"\",\"children\":[]}],\"label\":\"Ancillary Feature Use Type\"}", 
                    "id": "a6f8a42d-c304-11e6-84a5-026d961c88e6", 
                    "label": "Ancillary Feature Use Type", 
                    "node_id": "7aca0f1c-a122-11e6-84a5-026d961c88e6", 
                    "sortorder": 1, 
                    "widget_id": "10000000-0000-0000-0000-000000000013"
                }, 
                {
                    "card_id": "7aca0f03-a122-11e6-84a5-026d961c88e6", 
                    "config": "{\"maxDate\":false,\"viewMode\":\"days\",\"dateFormat\":\"YYYY-MM-DD\",\"placeholder\":\"Enter date\",\"minDate\":false,\"label\":\"Ancilary Feature To Date\"}", 
                    "id": "a6f8a42c-c304-11e6-84a5-026d961c88e6", 
                    "label": "Ancilary Feature To Date", 
                    "node_id": "7aca0f0e-a122-11e6-84a5-026d961c88e6", 
                    "sortorder": 4, 
                    "widget_id": "10000000-0000-0000-0000-000000000004"
                }, 
                {
                    "card_id": "7aca0f03-a122-11e6-84a5-026d961c88e6", 
                    "config": "{\"placeholder\":\"Select an option\",\"options\":[{\"conceptid\":\"d60111e0-5238-40b0-a7a3-9f3c98d48761\",\"text\":\"Ancillary Building\",\"id\":\"e5a395d3-ce0e-4772-aa83-a8ee1c9ea98e\",\"sortorder\":\"\",\"collector\":\"\",\"children\":[]},{\"conceptid\":\"e2c31776-7df1-479e-bc25-c396d6023a71\",\"text\":\"Art\",\"id\":\"efbace5d-53e5-48cb-ae1b-f44e03b210ec\",\"sortorder\":\"\",\"collector\":\"\",\"children\":[]},{\"conceptid\":\"003cdc06-5ab5-4335-85d7-dc9e0fb1ab24\",\"text\":\"Barn\",\"id\":\"858ee54a-3d40-42e9-b52e-140851a1a4b2\",\"sortorder\":\"\",\"collector\":\"\",\"children\":[]},{\"conceptid\":\"5f26ada7-70d9-40a8-b9bb-ef5666db5f28\",\"text\":\"Carriage House\",\"id\":\"74a29b86-c62c-48cb-974f-41daf571b61b\",\"sortorder\":\"\",\"collector\":\"\",\"children\":[]},{\"conceptid\":\"1805e84e-07df-48fb-ab6d-d552c0733905\",\"text\":\"Fence, Perimeter\",\"id\":\"ea8ebc85-c71d-4aa2-ac5d-283a476ebbcf\",\"sortorder\":\"\",\"collector\":\"\",\"children\":[]},{\"conceptid\":\"3842f87a-1b94-48ce-abe4-6632521a244e\",\"text\":\"Fountain\",\"id\":\"cbd5b635-8387-44ff-822d-bb8e43f93ec5\",\"sortorder\":\"\",\"collector\":\"\",\"children\":[]},{\"conceptid\":\"ba05a1f7-c9cb-400b-9e59-19342f6bf795\",\"text\":\"Garage, Detached\",\"id\":\"4478cdad-5c19-480a-8960-6e980e487f5b\",\"sortorder\":\"\",\"collector\":\"\",\"children\":[]},{\"conceptid\":\"6b430629-ac8d-40f1-a5a8-0fb1cfbd88a3\",\"text\":\"Garden\",\"id\":\"4c811862-a10b-48a3-be6d-653709cd4ff3\",\"sortorder\":\"\",\"collector\":\"\",\"children\":[]},{\"conceptid\":\"b546c145-cf70-4a9c-8b63-5e73a4442852\",\"text\":\"Historic tree(s)\",\"id\":\"7657425e-87e9-463e-aa3a-5f1a1461f231\",\"sortorder\":\"\",\"collector\":\"\",\"children\":[]},{\"conceptid\":\"bb1b86b3-7287-47d1-be2c-f90281baf4ff\",\"text\":\"Landscape, Designed\",\"id\":\"e129161a-3c96-4b6c-b1da-afdd25b91aeb\",\"sortorder\":\"\",\"collector\":\"\",\"children\":[]},{\"conceptid\":\"5f96abad-3472-4ee1-8530-62d1940cd1be\",\"text\":\"Lawn\",\"id\":\"f3866c39-2c24-48b3-8795-8a65173bf265\",\"sortorder\":\"\",\"collector\":\"\",\"children\":[]},{\"conceptid\":\"d7acf149-052b-4586-b1c8-4c2516837598\",\"text\":\"Mature vegetation\",\"id\":\"a7628642-d9a7-49d2-84fd-0912b3c526d4\",\"sortorder\":\"\",\"collector\":\"\",\"children\":[]},{\"conceptid\":\"39096be2-5108-46c6-9258-c6b60cdf8584\",\"text\":\"Mural\",\"id\":\"aa1da8db-c8a2-4b01-91a6-470e75949dd3\",\"sortorder\":\"\",\"collector\":\"\",\"children\":[]},{\"conceptid\":\"845d4184-9db7-4976-89fd-fa9fd048fae3\",\"text\":\"Parking Lot\",\"id\":\"662c4fae-89ed-401c-aa61-3e9d25c96e0a\",\"sortorder\":\"\",\"collector\":\"\",\"children\":[]},{\"conceptid\":\"afad0e1c-5861-4adf-864c-bf4dc0ac39d7\",\"text\":\"Pergola\",\"id\":\"1cf68304-8538-4f25-b465-c88423ea6de4\",\"sortorder\":\"\",\"collector\":\"\",\"children\":[]},{\"conceptid\":\"18aad1e6-0464-41bb-92db-ea189861eac3\",\"text\":\"Pond/lake\",\"id\":\"545d9a25-a018-4cfa-a036-a0b6dcd2ef7b\",\"sortorder\":\"\",\"collector\":\"\",\"children\":[]},{\"conceptid\":\"438ccb51-8186-4045-a232-a647d4473067\",\"text\":\"Sculpture\",\"id\":\"73295b67-1af6-4359-ac6b-305b85fbc677\",\"sortorder\":\"\",\"collector\":\"\",\"children\":[]},{\"conceptid\":\"c0aa48d3-7405-4674-9ada-1546c5b9f1d0\",\"text\":\"Shed, Storage\",\"id\":\"f481ecb9-1d09-4780-89d4-6c769d366650\",\"sortorder\":\"\",\"collector\":\"\",\"children\":[]},{\"conceptid\":\"783c6a82-d4f0-49c9-acd8-13b222fe389e\",\"text\":\"Signage\",\"id\":\"46293817-2fd1-40e3-a994-693512e3d33d\",\"sortorder\":\"\",\"collector\":\"\",\"children\":[]},{\"conceptid\":\"c53617b7-91a7-4810-86e2-9fe5f1f014e0\",\"text\":\"Steps, Concrete\",\"id\":\"78d0c00c-08b4-4051-8b30-9f2cc31aaf7e\",\"sortorder\":\"\",\"collector\":\"\",\"children\":[]},{\"conceptid\":\"c5d8c95e-7bb0-4668-a782-fe35e51e141e\",\"text\":\"Steps, Wood\",\"id\":\"9f17c461-1ead-4651-ba86-fdb3142d9da5\",\"sortorder\":\"\",\"collector\":\"\",\"children\":[]},{\"conceptid\":\"36710495-83bc-4657-9132-c3477ccb17b4\",\"text\":\"Streetlight, Parkway\",\"id\":\"97067ed2-56cf-4b2e-be0e-3cc508a52316\",\"sortorder\":\"\",\"collector\":\"\",\"children\":[]},{\"conceptid\":\"d7a75e3f-2984-4f9b-a6fd-fcd8e21a061e\",\"text\":\"Swimming Pool\",\"id\":\"93627470-0522-444d-b968-4607718431a2\",\"sortorder\":\"\",\"collector\":\"\",\"children\":[]},{\"conceptid\":\"ed64777d-c5b6-437a-970d-5be4e554e691\",\"text\":\"Tennis Court\",\"id\":\"806696f3-1178-43cb-b73a-c29fa21a5dc8\",\"sortorder\":\"\",\"collector\":\"\",\"children\":[]},{\"conceptid\":\"0ce01858-6f1b-4296-8cff-36fcd642384e\",\"text\":\"Tree, Historic\",\"id\":\"7d306aa9-7070-4aed-ae6b-90195ed9ceb7\",\"sortorder\":\"\",\"collector\":\"\",\"children\":[]},{\"conceptid\":\"94acf3c8-1682-4a9b-b6c1-deb6b42bfa90\",\"text\":\"Walkway\",\"id\":\"ad27e990-7c47-48cf-952b-8b58f1c8dd99\",\"sortorder\":\"\",\"collector\":\"\",\"children\":[]},{\"conceptid\":\"17c3455e-755f-4bc5-9192-18b41cc3e460\",\"text\":\"Wall, Perimeter\",\"id\":\"62c86421-0dfd-4599-98d5-2979d56cb6f8\",\"sortorder\":\"\",\"collector\":\"\",\"children\":[]},{\"conceptid\":\"7c6fc21b-0a87-4303-8e0b-e1bffb54311f\",\"text\":\"Wall, Retaining\",\"id\":\"2306acbc-0f53-4729-af3a-b334a0f92307\",\"sortorder\":\"\",\"collector\":\"\",\"children\":[]}],\"label\":\"Ancillary Feature Type\"}", 
                    "id": "a6f8a42e-c304-11e6-84a5-026d961c88e6", 
                    "label": "Ancillary Feature Type", 
                    "node_id": "7aca0f1d-a122-11e6-84a5-026d961c88e6", 
                    "sortorder": 0, 
                    "widget_id": "10000000-0000-0000-0000-000000000002"
                }, 
                {
                    "card_id": "7aca0f03-a122-11e6-84a5-026d961c88e6", 
                    "config": "{\"maxDate\":false,\"viewMode\":\"days\",\"dateFormat\":\"YYYY-MM-DD\",\"placeholder\":\"Enter date\",\"minDate\":false,\"label\":\"Ancillary Feature From Date\"}", 
                    "id": "a6f8a42b-c304-11e6-84a5-026d961c88e6", 
                    "label": "Ancillary Feature From Date", 
                    "node_id": "7aca0f0f-a122-11e6-84a5-026d961c88e6", 
                    "sortorder": 3, 
                    "widget_id": "10000000-0000-0000-0000-000000000004"
                }
            ], 
            "deploymentdate": null, 
            "deploymentfile": null, 
            "description": "Phase Type Assignments for Heritage Resource Group E27\n\nConnects via P92i", 
            "edges": [
                {
                    "description": null, 
                    "domainnode_id": "7aca0f14-a122-11e6-84a5-026d961c88e6", 
                    "edgeid": "7aca0f2b-a122-11e6-84a5-026d961c88e6", 
                    "graph_id": "7aca0f00-a122-11e6-84a5-026d961c88e6", 
                    "name": null, 
                    "ontologyproperty": "http://www.cidoc-crm.org/cidoc-crm/P78_is_identified_by", 
                    "rangenode_id": "7aca0f15-a122-11e6-84a5-026d961c88e6"
                }, 
                {
                    "description": null, 
                    "domainnode_id": "7aca0f07-a122-11e6-84a5-026d961c88e6", 
                    "edgeid": "7aca0f26-a122-11e6-84a5-026d961c88e6", 
                    "graph_id": "7aca0f00-a122-11e6-84a5-026d961c88e6", 
                    "name": null, 
                    "ontologyproperty": "http://www.cidoc-crm.org/cidoc-crm/P42_assigned", 
                    "rangenode_id": "7aca0f1a-a122-11e6-84a5-026d961c88e6"
                }, 
                {
                    "description": null, 
                    "domainnode_id": "7aca0f04-a122-11e6-84a5-026d961c88e6", 
                    "edgeid": "7aca0f2e-a122-11e6-84a5-026d961c88e6", 
                    "graph_id": "7aca0f00-a122-11e6-84a5-026d961c88e6", 
                    "name": null, 
                    "ontologyproperty": "http://www.cidoc-crm.org/cidoc-crm/P42_assigned", 
                    "rangenode_id": "7aca0f18-a122-11e6-84a5-026d961c88e6"
                }, 
                {
                    "description": null, 
                    "domainnode_id": "7aca0f0a-a122-11e6-84a5-026d961c88e6", 
                    "edgeid": "7aca0f28-a122-11e6-84a5-026d961c88e6", 
                    "graph_id": "7aca0f00-a122-11e6-84a5-026d961c88e6", 
                    "name": null, 
                    "ontologyproperty": "http://www.cidoc-crm.org/cidoc-crm/P41i_was_classified_by", 
                    "rangenode_id": "7aca0f07-a122-11e6-84a5-026d961c88e6"
                }, 
                {
                    "description": null, 
                    "domainnode_id": "7aca0f14-a122-11e6-84a5-026d961c88e6", 
                    "edgeid": "7aca0f2f-a122-11e6-84a5-026d961c88e6", 
                    "graph_id": "7aca0f00-a122-11e6-84a5-026d961c88e6", 
                    "name": null, 
                    "ontologyproperty": "http://www.cidoc-crm.org/cidoc-crm/P78_is_identified_by", 
                    "rangenode_id": "7aca0f19-a122-11e6-84a5-026d961c88e6"
                }, 
                {
                    "description": null, 
                    "domainnode_id": "7aca0f01-a122-11e6-84a5-026d961c88e6", 
                    "edgeid": "7aca0f32-a122-11e6-84a5-026d961c88e6", 
                    "graph_id": "7aca0f00-a122-11e6-84a5-026d961c88e6", 
                    "name": null, 
                    "ontologyproperty": "http://www.cidoc-crm.org/cidoc-crm/P42_assigned", 
                    "rangenode_id": "7aca0f10-a122-11e6-84a5-026d961c88e6"
                }, 
                {
                    "description": null, 
                    "domainnode_id": "7aca0f01-a122-11e6-84a5-026d961c88e6", 
                    "edgeid": "7aca0f2d-a122-11e6-84a5-026d961c88e6", 
                    "graph_id": "7aca0f00-a122-11e6-84a5-026d961c88e6", 
                    "name": null, 
                    "ontologyproperty": "http://www.cidoc-crm.org/cidoc-crm/P42_assigned", 
                    "rangenode_id": "7aca0f1c-a122-11e6-84a5-026d961c88e6"
                }, 
                {
                    "description": null, 
                    "domainnode_id": "7aca0f07-a122-11e6-84a5-026d961c88e6", 
                    "edgeid": "7aca0f23-a122-11e6-84a5-026d961c88e6", 
                    "graph_id": "7aca0f00-a122-11e6-84a5-026d961c88e6", 
                    "name": null, 
                    "ontologyproperty": "http://www.cidoc-crm.org/cidoc-crm/P4_has_time-span", 
                    "rangenode_id": "7aca0f1e-a122-11e6-84a5-026d961c88e6"
                }, 
                {
                    "description": null, 
                    "domainnode_id": "7aca0f1e-a122-11e6-84a5-026d961c88e6", 
                    "edgeid": "7aca0f2a-a122-11e6-84a5-026d961c88e6", 
                    "graph_id": "7aca0f00-a122-11e6-84a5-026d961c88e6", 
                    "name": null, 
                    "ontologyproperty": "http://www.cidoc-crm.org/cidoc-crm/P78_is_identified_by", 
                    "rangenode_id": "7aca0f13-a122-11e6-84a5-026d961c88e6"
                }, 
                {
                    "description": null, 
                    "domainnode_id": "7aca0f01-a122-11e6-84a5-026d961c88e6", 
                    "edgeid": "7aca0f31-a122-11e6-84a5-026d961c88e6", 
                    "graph_id": "7aca0f00-a122-11e6-84a5-026d961c88e6", 
                    "name": null, 
                    "ontologyproperty": "http://www.cidoc-crm.org/cidoc-crm/P42_assigned", 
                    "rangenode_id": "7aca0f1d-a122-11e6-84a5-026d961c88e6"
                }, 
                {
                    "description": null, 
                    "domainnode_id": "7aca0f0a-a122-11e6-84a5-026d961c88e6", 
                    "edgeid": "7aca0f1f-a122-11e6-84a5-026d961c88e6", 
                    "graph_id": "7aca0f00-a122-11e6-84a5-026d961c88e6", 
                    "name": null, 
                    "ontologyproperty": "http://www.cidoc-crm.org/cidoc-crm/P41i_was_classified_by", 
                    "rangenode_id": "7aca0f04-a122-11e6-84a5-026d961c88e6"
                }, 
                {
                    "description": null, 
                    "domainnode_id": "7aca0f04-a122-11e6-84a5-026d961c88e6", 
                    "edgeid": "7aca0f27-a122-11e6-84a5-026d961c88e6", 
                    "graph_id": "7aca0f00-a122-11e6-84a5-026d961c88e6", 
                    "name": null, 
                    "ontologyproperty": "http://www.cidoc-crm.org/cidoc-crm/P4_has_time-span", 
                    "rangenode_id": "7aca0f14-a122-11e6-84a5-026d961c88e6"
                }, 
                {
                    "description": null, 
                    "domainnode_id": "7aca0f04-a122-11e6-84a5-026d961c88e6", 
                    "edgeid": "7aca0f22-a122-11e6-84a5-026d961c88e6", 
                    "graph_id": "7aca0f00-a122-11e6-84a5-026d961c88e6", 
                    "name": null, 
                    "ontologyproperty": "http://www.cidoc-crm.org/cidoc-crm/P2_has_type", 
                    "rangenode_id": "7aca0f16-a122-11e6-84a5-026d961c88e6"
                }, 
                {
                    "description": null, 
                    "domainnode_id": "7aca0f07-a122-11e6-84a5-026d961c88e6", 
                    "edgeid": "7aca0f33-a122-11e6-84a5-026d961c88e6", 
                    "graph_id": "7aca0f00-a122-11e6-84a5-026d961c88e6", 
                    "name": null, 
                    "ontologyproperty": "http://www.cidoc-crm.org/cidoc-crm/P42_assigned", 
                    "rangenode_id": "7aca0f12-a122-11e6-84a5-026d961c88e6"
                }, 
                {
                    "description": null, 
                    "domainnode_id": "7aca0f04-a122-11e6-84a5-026d961c88e6", 
                    "edgeid": "7aca0f20-a122-11e6-84a5-026d961c88e6", 
                    "graph_id": "7aca0f00-a122-11e6-84a5-026d961c88e6", 
                    "name": null, 
                    "ontologyproperty": "http://www.cidoc-crm.org/cidoc-crm/P42_assigned", 
                    "rangenode_id": "7aca0f17-a122-11e6-84a5-026d961c88e6"
                }, 
                {
                    "description": null, 
                    "domainnode_id": "7aca0f1e-a122-11e6-84a5-026d961c88e6", 
                    "edgeid": "7aca0f21-a122-11e6-84a5-026d961c88e6", 
                    "graph_id": "7aca0f00-a122-11e6-84a5-026d961c88e6", 
                    "name": null, 
                    "ontologyproperty": "http://www.cidoc-crm.org/cidoc-crm/P78_is_identified_by", 
                    "rangenode_id": "7aca0f0d-a122-11e6-84a5-026d961c88e6"
                }, 
                {
                    "description": null, 
                    "domainnode_id": "7aca0f11-a122-11e6-84a5-026d961c88e6", 
                    "edgeid": "7aca0f29-a122-11e6-84a5-026d961c88e6", 
                    "graph_id": "7aca0f00-a122-11e6-84a5-026d961c88e6", 
                    "name": null, 
                    "ontologyproperty": "http://www.cidoc-crm.org/cidoc-crm/P78_is_identified_by", 
                    "rangenode_id": "7aca0f0f-a122-11e6-84a5-026d961c88e6"
                }, 
                {
                    "description": null, 
                    "domainnode_id": "7aca0f07-a122-11e6-84a5-026d961c88e6", 
                    "edgeid": "7aca0f2c-a122-11e6-84a5-026d961c88e6", 
                    "graph_id": "7aca0f00-a122-11e6-84a5-026d961c88e6", 
                    "name": null, 
                    "ontologyproperty": "http://www.cidoc-crm.org/cidoc-crm/P2_has_type", 
                    "rangenode_id": "7aca0f1b-a122-11e6-84a5-026d961c88e6"
                }, 
                {
                    "description": null, 
                    "domainnode_id": "7aca0f11-a122-11e6-84a5-026d961c88e6", 
                    "edgeid": "7aca0f30-a122-11e6-84a5-026d961c88e6", 
                    "graph_id": "7aca0f00-a122-11e6-84a5-026d961c88e6", 
                    "name": null, 
                    "ontologyproperty": "http://www.cidoc-crm.org/cidoc-crm/P78_is_identified_by", 
                    "rangenode_id": "7aca0f0e-a122-11e6-84a5-026d961c88e6"
                }, 
                {
                    "description": null, 
                    "domainnode_id": "7aca0f01-a122-11e6-84a5-026d961c88e6", 
                    "edgeid": "7aca0f24-a122-11e6-84a5-026d961c88e6", 
                    "graph_id": "7aca0f00-a122-11e6-84a5-026d961c88e6", 
                    "name": null, 
                    "ontologyproperty": "http://www.cidoc-crm.org/cidoc-crm/P4_has_time-span", 
                    "rangenode_id": "7aca0f11-a122-11e6-84a5-026d961c88e6"
                }, 
                {
                    "description": null, 
                    "domainnode_id": "7aca0f0a-a122-11e6-84a5-026d961c88e6", 
                    "edgeid": "7aca0f25-a122-11e6-84a5-026d961c88e6", 
                    "graph_id": "7aca0f00-a122-11e6-84a5-026d961c88e6", 
                    "name": null, 
                    "ontologyproperty": "http://www.cidoc-crm.org/cidoc-crm/P41i_was_classified_by", 
                    "rangenode_id": "7aca0f01-a122-11e6-84a5-026d961c88e6"
                }
            ], 
            "forms": [], 
            "forms_x_cards": [], 
            "functions": [], 
            "graphid": "7aca0f00-a122-11e6-84a5-026d961c88e6", 
            "iconclass": "", 
            "isactive": true, 
            "isresource": false, 
            "mapfeaturecolor": "#FF0000", 
            "maplinewidth": 1, 
            "mappointsize": 3, 
            "name": "Heritage Resource Group Phase Type", 
            "nodegroups": [
                {
                    "cardinality": "1", 
                    "legacygroupid": null, 
                    "nodegroupid": "7aca0f0a-a122-11e6-84a5-026d961c88e6", 
                    "parentnodegroup_id": null
                }, 
                {
                    "cardinality": "n", 
                    "legacygroupid": null, 
                    "nodegroupid": "7aca0f01-a122-11e6-84a5-026d961c88e6", 
                    "parentnodegroup_id": "7aca0f0a-a122-11e6-84a5-026d961c88e6"
                }, 
                {
                    "cardinality": "n", 
                    "legacygroupid": null, 
                    "nodegroupid": "7aca0f07-a122-11e6-84a5-026d961c88e6", 
                    "parentnodegroup_id": "7aca0f0a-a122-11e6-84a5-026d961c88e6"
                }, 
                {
                    "cardinality": "n", 
                    "legacygroupid": null, 
                    "nodegroupid": "7aca0f04-a122-11e6-84a5-026d961c88e6", 
                    "parentnodegroup_id": "7aca0f0a-a122-11e6-84a5-026d961c88e6"
                }
            ], 
            "nodes": [
                {
                    "config": null, 
                    "datatype": "semantic", 
                    "description": "", 
                    "graph_id": "7aca0f00-a122-11e6-84a5-026d961c88e6", 
                    "is_collector": true, 
                    "istopnode": false, 
                    "name": "Heritage Resource Group Phase Type Assignment", 
                    "nodegroup_id": "7aca0f07-a122-11e6-84a5-026d961c88e6", 
                    "nodeid": "7aca0f07-a122-11e6-84a5-026d961c88e6", 
                    "ontologyclass": "http://www.cidoc-crm.org/cidoc-crm/E17_Type_Assignment", 
                    "parentproperty": "http://www.cidoc-crm.org/cidoc-crm/P41i_was_classified_by"
                }, 
                {
                    "config": null, 
                    "datatype": "semantic", 
                    "description": "", 
                    "graph_id": "7aca0f00-a122-11e6-84a5-026d961c88e6", 
                    "is_collector": true, 
                    "istopnode": true, 
                    "name": "Phase Type Production", 
                    "nodegroup_id": "7aca0f0a-a122-11e6-84a5-026d961c88e6", 
                    "nodeid": "7aca0f0a-a122-11e6-84a5-026d961c88e6", 
                    "ontologyclass": "http://www.cidoc-crm.org/cidoc-crm/E12_Production", 
                    "parentproperty": ""
                }, 
                {
                    "config": null, 
                    "datatype": "date", 
                    "description": "Represents a single node in a graph", 
                    "graph_id": "7aca0f00-a122-11e6-84a5-026d961c88e6", 
                    "is_collector": false, 
                    "istopnode": false, 
                    "name": "Ancillary Feature From Date", 
                    "nodegroup_id": "7aca0f01-a122-11e6-84a5-026d961c88e6", 
                    "nodeid": "7aca0f0f-a122-11e6-84a5-026d961c88e6", 
                    "ontologyclass": "http://www.cidoc-crm.org/cidoc-crm/E49_Time_Appellation", 
                    "parentproperty": "http://www.cidoc-crm.org/cidoc-crm/P78_is_identified_by"
                }, 
                {
                    "config": null, 
                    "datatype": "semantic", 
                    "description": "Represents a single node in a graph", 
                    "graph_id": "7aca0f00-a122-11e6-84a5-026d961c88e6", 
                    "is_collector": false, 
                    "istopnode": false, 
                    "name": "Ancillary Feature Time Span", 
                    "nodegroup_id": "7aca0f01-a122-11e6-84a5-026d961c88e6", 
                    "nodeid": "7aca0f11-a122-11e6-84a5-026d961c88e6", 
                    "ontologyclass": "http://www.cidoc-crm.org/cidoc-crm/E52_Time-Span", 
                    "parentproperty": "http://www.cidoc-crm.org/cidoc-crm/P4_has_time-span"
                }, 
                {
                    "config": null, 
                    "datatype": "date", 
                    "description": "Represents a single node in a graph", 
                    "graph_id": "7aca0f00-a122-11e6-84a5-026d961c88e6", 
                    "is_collector": false, 
                    "istopnode": false, 
                    "name": "Heritage Resource Group Type From Date", 
                    "nodegroup_id": "7aca0f07-a122-11e6-84a5-026d961c88e6", 
                    "nodeid": "7aca0f13-a122-11e6-84a5-026d961c88e6", 
                    "ontologyclass": "http://www.cidoc-crm.org/cidoc-crm/E49_Time_Appellation", 
                    "parentproperty": "http://www.cidoc-crm.org/cidoc-crm/P78_is_identified_by"
                }, 
                {
                    "config": null, 
                    "datatype": "semantic", 
                    "description": "Represents a single node in a graph", 
                    "graph_id": "7aca0f00-a122-11e6-84a5-026d961c88e6", 
                    "is_collector": false, 
                    "istopnode": false, 
                    "name": "Style Time Span", 
                    "nodegroup_id": "7aca0f04-a122-11e6-84a5-026d961c88e6", 
                    "nodeid": "7aca0f14-a122-11e6-84a5-026d961c88e6", 
                    "ontologyclass": "http://www.cidoc-crm.org/cidoc-crm/E52_Time-Span", 
                    "parentproperty": "http://www.cidoc-crm.org/cidoc-crm/P4_has_time-span"
                }, 
                {
                    "config": {
                        "rdmCollection": "09ae85f7-7207-4624-8325-332152865630"
                    }, 
                    "datatype": "concept-list", 
                    "description": "Represents a single node in a graph", 
                    "graph_id": "7aca0f00-a122-11e6-84a5-026d961c88e6", 
                    "is_collector": false, 
                    "istopnode": false, 
                    "name": "Style Use Type", 
                    "nodegroup_id": "7aca0f04-a122-11e6-84a5-026d961c88e6", 
                    "nodeid": "7aca0f18-a122-11e6-84a5-026d961c88e6", 
                    "ontologyclass": "http://www.cidoc-crm.org/cidoc-crm/E55_Type", 
                    "parentproperty": "http://www.cidoc-crm.org/cidoc-crm/P42_assigned"
                }, 
                {
                    "config": {
                        "rdmCollection": "5dd9d81d-6501-4d3f-89f2-ebb0038d2df5"
                    }, 
                    "datatype": "concept", 
                    "description": "Represents a single node in a graph", 
                    "graph_id": "7aca0f00-a122-11e6-84a5-026d961c88e6", 
                    "is_collector": false, 
                    "istopnode": false, 
                    "name": "Ancillary Feature Cultural Period", 
                    "nodegroup_id": "7aca0f01-a122-11e6-84a5-026d961c88e6", 
                    "nodeid": "7aca0f10-a122-11e6-84a5-026d961c88e6", 
                    "ontologyclass": "http://www.cidoc-crm.org/cidoc-crm/E55_Type", 
                    "parentproperty": "http://www.cidoc-crm.org/cidoc-crm/P42_assigned"
                }, 
                {
                    "config": {
                        "rdmCollection": "5dd9d81d-6501-4d3f-89f2-ebb0038d2df5"
                    }, 
                    "datatype": "concept-list", 
                    "description": "Represents a single node in a graph", 
                    "graph_id": "7aca0f00-a122-11e6-84a5-026d961c88e6", 
                    "is_collector": false, 
                    "istopnode": false, 
                    "name": "Style Cultural Period", 
                    "nodegroup_id": "7aca0f04-a122-11e6-84a5-026d961c88e6", 
                    "nodeid": "7aca0f17-a122-11e6-84a5-026d961c88e6", 
                    "ontologyclass": "http://www.cidoc-crm.org/cidoc-crm/E55_Type", 
                    "parentproperty": "http://www.cidoc-crm.org/cidoc-crm/P42_assigned"
                }, 
                {
                    "config": null, 
                    "datatype": "date", 
                    "description": "Represents a single node in a graph", 
                    "graph_id": "7aca0f00-a122-11e6-84a5-026d961c88e6", 
                    "is_collector": false, 
                    "istopnode": false, 
                    "name": "Ancilary Feature To Date", 
                    "nodegroup_id": "7aca0f01-a122-11e6-84a5-026d961c88e6", 
                    "nodeid": "7aca0f0e-a122-11e6-84a5-026d961c88e6", 
                    "ontologyclass": "http://www.cidoc-crm.org/cidoc-crm/E49_Time_Appellation", 
                    "parentproperty": "http://www.cidoc-crm.org/cidoc-crm/P78_is_identified_by"
                }, 
                {
                    "config": {
                        "rdmCollection": "30e459f2-5712-43fa-8954-0830fb70216e"
                    }, 
                    "datatype": "concept", 
                    "description": "Represents a single node in a graph", 
                    "graph_id": "7aca0f00-a122-11e6-84a5-026d961c88e6", 
                    "is_collector": false, 
                    "istopnode": false, 
                    "name": "Style", 
                    "nodegroup_id": "7aca0f04-a122-11e6-84a5-026d961c88e6", 
                    "nodeid": "7aca0f16-a122-11e6-84a5-026d961c88e6", 
                    "ontologyclass": "http://www.cidoc-crm.org/cidoc-crm/E55_Type", 
                    "parentproperty": "http://www.cidoc-crm.org/cidoc-crm/P2_has_type"
                }, 
                {
                    "config": null, 
                    "datatype": "date", 
                    "description": "Represents a single node in a graph", 
                    "graph_id": "7aca0f00-a122-11e6-84a5-026d961c88e6", 
                    "is_collector": false, 
                    "istopnode": false, 
                    "name": "Style To Date", 
                    "nodegroup_id": "7aca0f04-a122-11e6-84a5-026d961c88e6", 
                    "nodeid": "7aca0f19-a122-11e6-84a5-026d961c88e6", 
                    "ontologyclass": "http://www.cidoc-crm.org/cidoc-crm/E49_Time_Appellation", 
                    "parentproperty": "http://www.cidoc-crm.org/cidoc-crm/P78_is_identified_by"
                }, 
                {
                    "config": {
                        "rdmCollection": null
                    }, 
                    "datatype": "concept-list", 
                    "description": "Represents a single node in a graph", 
                    "graph_id": "7aca0f00-a122-11e6-84a5-026d961c88e6", 
                    "is_collector": false, 
                    "istopnode": false, 
                    "name": "Heritage Resource Group Type Cultural Period", 
                    "nodegroup_id": "7aca0f07-a122-11e6-84a5-026d961c88e6", 
                    "nodeid": "7aca0f1a-a122-11e6-84a5-026d961c88e6", 
                    "ontologyclass": "http://www.cidoc-crm.org/cidoc-crm/E55_Type", 
                    "parentproperty": "http://www.cidoc-crm.org/cidoc-crm/P42_assigned"
                }, 
                {
                    "config": {
                        "rdmCollection": "09ae85f7-7207-4624-8325-332152865630"
                    }, 
                    "datatype": "concept-list", 
                    "description": "Represents a single node in a graph", 
                    "graph_id": "7aca0f00-a122-11e6-84a5-026d961c88e6", 
                    "is_collector": false, 
                    "istopnode": false, 
                    "name": "Heritage Resource Group Use Type", 
                    "nodegroup_id": "7aca0f07-a122-11e6-84a5-026d961c88e6", 
                    "nodeid": "7aca0f1b-a122-11e6-84a5-026d961c88e6", 
                    "ontologyclass": "http://www.cidoc-crm.org/cidoc-crm/E55_Type", 
                    "parentproperty": "http://www.cidoc-crm.org/cidoc-crm/P2_has_type"
                }, 
                {
                    "config": {
                        "rdmCollection": "09ae85f7-7207-4624-8325-332152865630"
                    }, 
                    "datatype": "concept-list", 
                    "description": "Represents a single node in a graph", 
                    "graph_id": "7aca0f00-a122-11e6-84a5-026d961c88e6", 
                    "is_collector": false, 
                    "istopnode": false, 
                    "name": "Ancillary Feature Use Type", 
                    "nodegroup_id": "7aca0f01-a122-11e6-84a5-026d961c88e6", 
                    "nodeid": "7aca0f1c-a122-11e6-84a5-026d961c88e6", 
                    "ontologyclass": "http://www.cidoc-crm.org/cidoc-crm/E55_Type", 
                    "parentproperty": "http://www.cidoc-crm.org/cidoc-crm/P42_assigned"
                }, 
                {
                    "config": {
                        "rdmCollection": "773bb03a-06e8-40e1-9c9a-8e5c94f56706"
                    }, 
                    "datatype": "concept", 
                    "description": "Represents a single node in a graph", 
                    "graph_id": "7aca0f00-a122-11e6-84a5-026d961c88e6", 
                    "is_collector": false, 
                    "istopnode": false, 
                    "name": "Ancillary Feature Type", 
                    "nodegroup_id": "7aca0f01-a122-11e6-84a5-026d961c88e6", 
                    "nodeid": "7aca0f1d-a122-11e6-84a5-026d961c88e6", 
                    "ontologyclass": "http://www.cidoc-crm.org/cidoc-crm/E55_Type", 
                    "parentproperty": "http://www.cidoc-crm.org/cidoc-crm/P42_assigned"
                }, 
                {
                    "config": null, 
                    "datatype": "semantic", 
                    "description": "Represents a single node in a graph", 
                    "graph_id": "7aca0f00-a122-11e6-84a5-026d961c88e6", 
                    "is_collector": false, 
                    "istopnode": false, 
                    "name": "Heritage Resource Group Type Time Span", 
                    "nodegroup_id": "7aca0f07-a122-11e6-84a5-026d961c88e6", 
                    "nodeid": "7aca0f1e-a122-11e6-84a5-026d961c88e6", 
                    "ontologyclass": "http://www.cidoc-crm.org/cidoc-crm/E52_Time-Span", 
                    "parentproperty": "http://www.cidoc-crm.org/cidoc-crm/P4_has_time-span"
                }, 
                {
                    "config": null, 
                    "datatype": "date", 
                    "description": "Represents a single node in a graph", 
                    "graph_id": "7aca0f00-a122-11e6-84a5-026d961c88e6", 
                    "is_collector": false, 
                    "istopnode": false, 
                    "name": "Style From Date", 
                    "nodegroup_id": "7aca0f04-a122-11e6-84a5-026d961c88e6", 
                    "nodeid": "7aca0f15-a122-11e6-84a5-026d961c88e6", 
                    "ontologyclass": "http://www.cidoc-crm.org/cidoc-crm/E49_Time_Appellation", 
                    "parentproperty": "http://www.cidoc-crm.org/cidoc-crm/P78_is_identified_by"
                }, 
                {
                    "config": {
                        "rdmCollection": "965d5375-302a-4b8b-926e-875efbd74ad1"
                    }, 
                    "datatype": "concept", 
                    "description": "Represents a single node in a graph", 
                    "graph_id": "7aca0f00-a122-11e6-84a5-026d961c88e6", 
                    "is_collector": false, 
                    "istopnode": false, 
                    "name": "Heritage Resource Group Type", 
                    "nodegroup_id": "7aca0f07-a122-11e6-84a5-026d961c88e6", 
                    "nodeid": "7aca0f12-a122-11e6-84a5-026d961c88e6", 
                    "ontologyclass": "http://www.cidoc-crm.org/cidoc-crm/E55_Type", 
                    "parentproperty": "http://www.cidoc-crm.org/cidoc-crm/P42_assigned"
                }, 
                {
                    "config": null, 
                    "datatype": "semantic", 
                    "description": "", 
                    "graph_id": "7aca0f00-a122-11e6-84a5-026d961c88e6", 
                    "is_collector": true, 
                    "istopnode": false, 
                    "name": "Ancillary Feature Phase Type", 
                    "nodegroup_id": "7aca0f01-a122-11e6-84a5-026d961c88e6", 
                    "nodeid": "7aca0f01-a122-11e6-84a5-026d961c88e6", 
                    "ontologyclass": "http://www.cidoc-crm.org/cidoc-crm/E17_Type_Assignment", 
                    "parentproperty": "http://www.cidoc-crm.org/cidoc-crm/P41i_was_classified_by"
                }, 
                {
                    "config": null, 
                    "datatype": "semantic", 
                    "description": "", 
                    "graph_id": "7aca0f00-a122-11e6-84a5-026d961c88e6", 
                    "is_collector": true, 
                    "istopnode": false, 
                    "name": "Style Phase Type Assignment", 
                    "nodegroup_id": "7aca0f04-a122-11e6-84a5-026d961c88e6", 
                    "nodeid": "7aca0f04-a122-11e6-84a5-026d961c88e6", 
                    "ontologyclass": "http://www.cidoc-crm.org/cidoc-crm/E17_Type_Assignment", 
                    "parentproperty": "http://www.cidoc-crm.org/cidoc-crm/P41i_was_classified_by"
                }, 
                {
                    "config": null, 
                    "datatype": "date", 
                    "description": "Represents a single node in a graph", 
                    "graph_id": "7aca0f00-a122-11e6-84a5-026d961c88e6", 
                    "is_collector": false, 
                    "istopnode": false, 
                    "name": "Heritage Resource Group Type To Date", 
                    "nodegroup_id": "7aca0f07-a122-11e6-84a5-026d961c88e6", 
                    "nodeid": "7aca0f0d-a122-11e6-84a5-026d961c88e6", 
                    "ontologyclass": "http://www.cidoc-crm.org/cidoc-crm/E49_Time_Appellation", 
                    "parentproperty": "http://www.cidoc-crm.org/cidoc-crm/P78_is_identified_by"
                }
            ], 
            "ontology_id": "e6e8db47-2ccf-11e6-927e-b8f6b115d7dd", 
            "reports": [], 
            "root": {
                "config": null, 
                "datatype": "semantic", 
                "description": "", 
                "graph_id": "7aca0f00-a122-11e6-84a5-026d961c88e6", 
                "is_collector": true, 
                "istopnode": true, 
                "name": "Phase Type Production", 
                "nodegroup_id": "7aca0f0a-a122-11e6-84a5-026d961c88e6", 
                "nodeid": "7aca0f0a-a122-11e6-84a5-026d961c88e6", 
                "ontologyclass": "http://www.cidoc-crm.org/cidoc-crm/E12_Production", 
                "parentproperty": ""
            }, 
            "subtitle": "Describes time span and type for the Heritage Resource Group", 
            "version": ""
        }
    ], 
    "metadata": {
        "db": "PostgreSQL 9.6.0 on x86_64-pc-linux-gnu, compiled by gcc (Ubuntu 5.3.1-14ubuntu2) 5.3.1 20160413, 64-bit", 
        "git hash": "ff93bd9 2017-01-24 10:17:51 -0800", 
        "os": "Linux", 
        "os version": "4.4.0-45-generic"
    }
}