{
    "graph": [
        {
            "author": " GCI", 
            "cards": [
                {
                    "active": true, 
                    "cardid": "4ff978bb-9bd4-11e6-84a5-026d961c28e6", 
                    "description": "Describes the creators, contributors, type, and date of a creation and/or update event of an information resource.", 
                    "graph_id": "b048668d-9564-11e6-b664-024f9e178154", 
                    "helpenabled": false, 
                    "helptext": null, 
                    "helptitle": null, 
                    "instructions": "Describe the information resource  and its date of creation", 
                    "name": "Information Resource Creation Event", 
                    "nodegroup_id": "b048668c-9564-11e6-b664-024f9e178154", 
                    "sortorder": null, 
                    "visible": true
                }
            ], 
            "cards_x_nodes_x_widgets": [
                {
                    "card_id": "4ff978bb-9bd4-11e6-84a5-026d961c28e6", 
                    "config": "{\"maxDate\":false,\"viewMode\":\"days\",\"dateFormat\":\"YYYY-MM-DD\",\"placeholder\":\"Enter date\",\"minDate\":false,\"label\":\"Date of Creation\"}", 
                    "id": "b311010d-b8f3-11e6-84a5-026d961c88e6", 
                    "label": "Date of Creation", 
                    "node_id": "9151e343-9565-11e6-b664-024f9e178154", 
                    "sortorder": 1, 
                    "widget_id": "10000000-0000-0000-0000-000000000004"
                }, 
                {
                    "card_id": "4ff978bb-9bd4-11e6-84a5-026d961c28e6", 
                    "config": "{\"placeholder\":\"Select type\",\"options\":[{\"conceptid\":\"09b66145-55a5-43bc-9424-97baec841f20\",\"text\":\"Collection\",\"id\":\"9f5825fb-5553-4fe9-8309-d740282439f5\",\"sortorder\":\"\",\"collector\":\"\",\"children\":[]},{\"conceptid\":\"ba3b2ae6-e8cc-4b77-bf68-46546d253bdb\",\"text\":\"Dataset\",\"id\":\"28cdf7f6-399b-4504-ac9b-28e1d113ea02\",\"sortorder\":\"\",\"collector\":\"\",\"children\":[]},{\"conceptid\":\"f4355315-c730-406b-80a3-55c5b68ded8a\",\"text\":\"Document/Text\",\"id\":\"63318d3f-1365-42c2-925d-319925b2562f\",\"sortorder\":\"\",\"collector\":\"\",\"children\":[]},{\"conceptid\":\"b3e954db-4dc7-4c1c-a047-193869bd5a3b\",\"text\":\"Image\",\"sortorder\":\"\",\"collector\":\"collector\",\"children\":[{\"conceptid\":\"eb32c4c4-8380-442d-bb7d-8af88beca7a2\",\"text\":\"Moving Image\",\"id\":\"0bac4a54-abd8-4914-ad1e-585e20e6ef49\",\"sortorder\":\"\",\"collector\":\"\",\"children\":[]},{\"conceptid\":\"d2451fe2-9bae-475f-bf81-d24360dae506\",\"text\":\"Still Image\",\"id\":\"4d4c617a-87f8-4fdc-b2c7-6331f1d5dc4c\",\"sortorder\":\"\",\"collector\":\"\",\"children\":[]}]},{\"conceptid\":\"b29787b4-faa6-4298-8b02-45c579fecedd\",\"text\":\"Interactive Resource\",\"id\":\"b7571f75-40ac-4a77-b9ca-d7657ef49686\",\"sortorder\":\"\",\"collector\":\"\",\"children\":[]},{\"conceptid\":\"93bbd08b-c251-49ca-b02c-20fda63a0bca\",\"text\":\"Physical Object\",\"id\":\"24dd90c7-5056-400d-86b3-0f8c8d8b3895\",\"sortorder\":\"\",\"collector\":\"\",\"children\":[]},{\"conceptid\":\"dbab682c-0690-4bdc-8c79-dc5e2fec4122\",\"text\":\"Service\",\"id\":\"6e13d181-23d2-4b9e-84b9-41289270eb95\",\"sortorder\":\"\",\"collector\":\"\",\"children\":[]},{\"conceptid\":\"ef8390ae-7d7c-47e0-b96e-5f964fa5fc62\",\"text\":\"Software\",\"id\":\"f9adf4d7-c0d9-49ce-8f81-cf020d0a24e4\",\"sortorder\":\"\",\"collector\":\"\",\"children\":[]},{\"conceptid\":\"598e1809-4704-470a-886e-eb37f45f8cc1\",\"text\":\"Sound\",\"id\":\"d6f33829-46b7-4c78-93a6-b1afbd9f1898\",\"sortorder\":\"\",\"collector\":\"\",\"children\":[]}],\"label\":\"Information Resource Type\"}", 
                    "id": "b311010e-b8f3-11e6-84a5-026d961c88e6", 
                    "label": "Information Resource Type", 
                    "node_id": "1df12201-9565-11e6-b664-024f9e178154", 
                    "sortorder": 0, 
                    "widget_id": "10000000-0000-0000-0000-000000000002"
                }
            ], 
            "deploymentdate": null, 
            "deploymentfile": null, 
            "description": "Describes the creators, contributors, type, and date of a creation and/or update event of an information resource.", 
            "edges": [
                {
                    "description": null, 
                    "domainnode_id": "7b3fa437-9565-11e6-b664-024f9e178154", 
                    "edgeid": "9151e344-9565-11e6-b664-024f9e178154", 
                    "graph_id": "b048668d-9564-11e6-b664-024f9e178154", 
                    "name": null, 
                    "ontologyproperty": "http://www.cidoc-crm.org/cidoc-crm/P78_is_identified_by", 
                    "rangenode_id": "9151e343-9565-11e6-b664-024f9e178154"
                }, 
                {
                    "description": null, 
                    "domainnode_id": "01e90759-9565-11e6-b664-024f9e178154", 
                    "edgeid": "1df12202-9565-11e6-b664-024f9e178154", 
                    "graph_id": "b048668d-9564-11e6-b664-024f9e178154", 
                    "name": null, 
                    "ontologyproperty": "http://www.cidoc-crm.org/cidoc-crm/P42_assigned", 
                    "rangenode_id": "1df12201-9565-11e6-b664-024f9e178154"
                }, 
                {
                    "description": null, 
                    "domainnode_id": "b048668c-9564-11e6-b664-024f9e178154", 
                    "edgeid": "7b3fa438-9565-11e6-b664-024f9e178154", 
                    "graph_id": "b048668d-9564-11e6-b664-024f9e178154", 
                    "name": null, 
                    "ontologyproperty": "http://www.cidoc-crm.org/cidoc-crm/P4_has_time-span", 
                    "rangenode_id": "7b3fa437-9565-11e6-b664-024f9e178154"
                }, 
                {
                    "description": null, 
                    "domainnode_id": "b048668c-9564-11e6-b664-024f9e178154", 
                    "edgeid": "01e9075a-9565-11e6-b664-024f9e178154", 
                    "graph_id": "b048668d-9564-11e6-b664-024f9e178154", 
                    "name": null, 
                    "ontologyproperty": "http://www.cidoc-crm.org/cidoc-crm/P41i_was_classified_by", 
                    "rangenode_id": "01e90759-9565-11e6-b664-024f9e178154"
                }
            ], 
            "forms": [], 
            "forms_x_cards": [], 
            "functions": [], 
            "graphid": "b048668d-9564-11e6-b664-024f9e178154", 
            "iconclass": "fa fa-magic", 
            "isactive": true, 
            "isresource": false, 
            "mapfeaturecolor": null, 
            "maplinewidth": null, 
            "mappointsize": null, 
            "name": "Information Resource Creation Event", 
            "nodegroups": [
                {
                    "cardinality": "1", 
                    "legacygroupid": null, 
                    "nodegroupid": "b048668c-9564-11e6-b664-024f9e178154", 
                    "parentnodegroup_id": null
                }
            ], 
            "nodes": [
                {
                    "config": null, 
                    "datatype": "semantic", 
                    "description": "", 
                    "graph_id": "b048668d-9564-11e6-b664-024f9e178154", 
                    "is_collector": true, 
                    "istopnode": true, 
                    "name": "Resource Creation Event", 
                    "nodegroup_id": "b048668c-9564-11e6-b664-024f9e178154", 
                    "nodeid": "b048668c-9564-11e6-b664-024f9e178154", 
                    "ontologyclass": "http://www.cidoc-crm.org/cidoc-crm/E65_Creation", 
                    "parentproperty": ""
                }, 
                {
                    "config": null, 
                    "datatype": "semantic", 
                    "description": "Represents a single node in a graph", 
                    "graph_id": "b048668d-9564-11e6-b664-024f9e178154", 
                    "is_collector": false, 
                    "istopnode": false, 
                    "name": "Information Resource Type Assignment", 
                    "nodegroup_id": "b048668c-9564-11e6-b664-024f9e178154", 
                    "nodeid": "01e90759-9565-11e6-b664-024f9e178154", 
                    "ontologyclass": "http://www.cidoc-crm.org/cidoc-crm/E17_Type_Assignment", 
                    "parentproperty": "http://www.cidoc-crm.org/cidoc-crm/P41i_was_classified_by"
                }, 
                {
                    "config": null, 
                    "datatype": "semantic", 
                    "description": "Represents a single node in a graph", 
                    "graph_id": "b048668d-9564-11e6-b664-024f9e178154", 
                    "is_collector": false, 
                    "istopnode": false, 
                    "name": "Time Span of Resource Creation Event", 
                    "nodegroup_id": "b048668c-9564-11e6-b664-024f9e178154", 
                    "nodeid": "7b3fa437-9565-11e6-b664-024f9e178154", 
                    "ontologyclass": "http://www.cidoc-crm.org/cidoc-crm/E52_Time-Span", 
                    "parentproperty": "http://www.cidoc-crm.org/cidoc-crm/P4_has_time-span"
                }, 
                {
                    "config": null, 
                    "datatype": "date", 
                    "description": "Represents a single node in a graph", 
                    "graph_id": "b048668d-9564-11e6-b664-024f9e178154", 
                    "is_collector": false, 
                    "istopnode": false, 
                    "name": "Date of Creation", 
                    "nodegroup_id": "b048668c-9564-11e6-b664-024f9e178154", 
                    "nodeid": "9151e343-9565-11e6-b664-024f9e178154", 
                    "ontologyclass": "http://www.cidoc-crm.org/cidoc-crm/E50_Date", 
                    "parentproperty": "http://www.cidoc-crm.org/cidoc-crm/P78_is_identified_by"
                }, 
                {
                    "config": {
                        "rdmCollection": "fb67e800-51cd-4890-9ec3-92b49d46ab5f"
                    }, 
                    "datatype": "concept", 
                    "description": "Represents a single node in a graph", 
                    "graph_id": "b048668d-9564-11e6-b664-024f9e178154", 
                    "is_collector": false, 
                    "istopnode": false, 
                    "name": "Information Resource Type", 
                    "nodegroup_id": "b048668c-9564-11e6-b664-024f9e178154", 
                    "nodeid": "1df12201-9565-11e6-b664-024f9e178154", 
                    "ontologyclass": "http://www.cidoc-crm.org/cidoc-crm/E55_Type", 
                    "parentproperty": "http://www.cidoc-crm.org/cidoc-crm/P42_assigned"
                }
            ], 
            "ontology_id": "e6e8db47-2ccf-11e6-927e-b8f6b115d7dd", 
            "reports": [], 
            "root": {
                "config": null, 
                "datatype": "semantic", 
                "description": "", 
                "graph_id": "b048668d-9564-11e6-b664-024f9e178154", 
                "is_collector": true, 
                "istopnode": true, 
                "name": "Resource Creation Event", 
                "nodegroup_id": "b048668c-9564-11e6-b664-024f9e178154", 
                "nodeid": "b048668c-9564-11e6-b664-024f9e178154", 
                "ontologyclass": "http://www.cidoc-crm.org/cidoc-crm/E65_Creation", 
                "parentproperty": ""
            }, 
            "subtitle": "Describes the creators, contributors, type, and date of a creation and/or update event of an information resource.", 
            "version": ""
        }
    ], 
    "metadata": {
        "db": "PostgreSQL 9.6.0 on x86_64-pc-linux-gnu, compiled by gcc (Ubuntu 5.3.1-14ubuntu2) 5.3.1 20160413, 64-bit", 
        "git hash": "ff93bd9 2017-01-24 10:17:51 -0800", 
        "os": "Linux", 
        "os version": "4.4.0-45-generic"
    }
}