{
    "graph": [
        {
            "author": " GCI", 
            "cards": [
                {
                    "active": true, 
                    "cardid": "29289dfc-bbf4-11e6-84a5-026d961c88e6", 
                    "description": "Describes the location of an information resource. Relates to Information Resource E73 with P67", 
                    "graph_id": "29289df0-bbf4-11e6-84a5-026d961c88e6", 
                    "helpenabled": false, 
                    "helptext": null, 
                    "helptitle": null, 
                    "instructions": null, 
                    "name": "Place 3", 
                    "nodegroup_id": "29289dfa-bbf4-11e6-84a5-026d961c88e6", 
                    "sortorder": null, 
                    "visible": true
                }, 
                {
                    "active": true, 
                    "cardid": "29289e02-bbf4-11e6-84a5-026d961c88e6", 
                    "description": "Represents a single node in a graph", 
                    "graph_id": "29289df0-bbf4-11e6-84a5-026d961c88e6", 
                    "helpenabled": false, 
                    "helptext": null, 
                    "helptitle": null, 
                    "instructions": "Select the administrative/governmental subdivision name and type.", 
                    "name": "Administration Subdivision", 
                    "nodegroup_id": "29289e00-bbf4-11e6-84a5-026d961c88e6", 
                    "sortorder": 1, 
                    "visible": true
                }, 
                {
                    "active": true, 
                    "cardid": "29289df6-bbf4-11e6-84a5-026d961c88e6", 
                    "description": "Represents a single node in a graph", 
                    "graph_id": "29289df0-bbf4-11e6-84a5-026d961c88e6", 
                    "helpenabled": false, 
                    "helptext": null, 
                    "helptitle": null, 
                    "instructions": "Define the spatial location.", 
                    "name": "Spatial Location", 
                    "nodegroup_id": "29289df4-bbf4-11e6-84a5-026d961c88e6", 
                    "sortorder": 0, 
                    "visible": true
                }, 
                {
                    "active": true, 
                    "cardid": "29289dff-bbf4-11e6-84a5-026d961c88e6", 
                    "description": "Represents a single node in a graph", 
                    "graph_id": "29289df0-bbf4-11e6-84a5-026d961c88e6", 
                    "helpenabled": false, 
                    "helptext": null, 
                    "helptitle": null, 
                    "instructions": "Describe the location of the resource.", 
                    "name": "Description Location", 
                    "nodegroup_id": "29289dfd-bbf4-11e6-84a5-026d961c88e6", 
                    "sortorder": 2, 
                    "visible": true
                }
            ], 
            "cards_x_nodes_x_widgets": [
                {
                    "card_id": "29289dff-bbf4-11e6-84a5-026d961c88e6", 
                    "config": "{\"width\":\"100%\",\"placeholder\":\"Enter text\",\"label\":\"Location Description\"}", 
                    "id": "29289e0e-bbf4-11e6-84a5-026d961c88e6", 
                    "label": "Location Description", 
                    "node_id": "29289e09-bbf4-11e6-84a5-026d961c88e6", 
                    "sortorder": 0, 
                    "widget_id": "10000000-0000-0000-0000-000000000005"
                }
            ], 
            "deploymentdate": null, 
            "deploymentfile": null, 
            "description": "Describes the location of an information resource. Relates to Information Resource E73 with P67", 
            "edges": [
                {
                    "description": null, 
                    "domainnode_id": "29289e00-bbf4-11e6-84a5-026d961c88e6", 
                    "edgeid": "29289e15-bbf4-11e6-84a5-026d961c88e6", 
                    "graph_id": "29289df0-bbf4-11e6-84a5-026d961c88e6", 
                    "name": null, 
                    "ontologyproperty": "http://www.cidoc-crm.org/cidoc-crm/P87_is_identified_by", 
                    "rangenode_id": "29289e06-bbf4-11e6-84a5-026d961c88e6"
                }, 
                {
                    "description": null, 
                    "domainnode_id": "29289dfa-bbf4-11e6-84a5-026d961c88e6", 
                    "edgeid": "29289e1c-bbf4-11e6-84a5-026d961c88e6", 
                    "graph_id": "29289df0-bbf4-11e6-84a5-026d961c88e6", 
                    "name": null, 
                    "ontologyproperty": "http://www.cidoc-crm.org/cidoc-crm/P140i_was_attributed_by", 
                    "rangenode_id": "29289dfd-bbf4-11e6-84a5-026d961c88e6"
                }, 
                {
                    "description": null, 
                    "domainnode_id": "29289dfa-bbf4-11e6-84a5-026d961c88e6", 
                    "edgeid": "29289e1d-bbf4-11e6-84a5-026d961c88e6", 
                    "graph_id": "29289df0-bbf4-11e6-84a5-026d961c88e6", 
                    "name": null, 
                    "ontologyproperty": "http://www.cidoc-crm.org/cidoc-crm/P87_is_identified_by", 
                    "rangenode_id": "29289df4-bbf4-11e6-84a5-026d961c88e6"
                }, 
                {
                    "description": null, 
                    "domainnode_id": "29289df4-bbf4-11e6-84a5-026d961c88e6", 
                    "edgeid": "29289e17-bbf4-11e6-84a5-026d961c88e6", 
                    "graph_id": "29289df0-bbf4-11e6-84a5-026d961c88e6", 
                    "name": null, 
                    "ontologyproperty": "http://www.cidoc-crm.org/cidoc-crm/P2_has_type", 
                    "rangenode_id": "29289e0a-bbf4-11e6-84a5-026d961c88e6"
                }, 
                {
                    "description": null, 
                    "domainnode_id": "29289dfd-bbf4-11e6-84a5-026d961c88e6", 
                    "edgeid": "29289e14-bbf4-11e6-84a5-026d961c88e6", 
                    "graph_id": "29289df0-bbf4-11e6-84a5-026d961c88e6", 
                    "name": null, 
                    "ontologyproperty": "http://www.cidoc-crm.org/cidoc-crm/P3_has_note", 
                    "rangenode_id": "29289e09-bbf4-11e6-84a5-026d961c88e6"
                }, 
                {
                    "description": null, 
                    "domainnode_id": "29289dfa-bbf4-11e6-84a5-026d961c88e6", 
                    "edgeid": "29289e1b-bbf4-11e6-84a5-026d961c88e6", 
                    "graph_id": "29289df0-bbf4-11e6-84a5-026d961c88e6", 
                    "name": null, 
                    "ontologyproperty": "http://www.cidoc-crm.org/cidoc-crm/P89_falls_within", 
                    "rangenode_id": "29289e00-bbf4-11e6-84a5-026d961c88e6"
                }, 
                {
                    "description": null, 
                    "domainnode_id": "29289e00-bbf4-11e6-84a5-026d961c88e6", 
                    "edgeid": "29289e18-bbf4-11e6-84a5-026d961c88e6", 
                    "graph_id": "29289df0-bbf4-11e6-84a5-026d961c88e6", 
                    "name": null, 
                    "ontologyproperty": "http://www.cidoc-crm.org/cidoc-crm/P2_has_type", 
                    "rangenode_id": "29289e08-bbf4-11e6-84a5-026d961c88e6"
                }
            ], 
            "forms": [], 
            "forms_x_cards": [], 
            "functions": [], 
            "graphid": "29289df0-bbf4-11e6-84a5-026d961c88e6", 
            "iconclass": "fa fa-map-marker", 
            "isactive": true, 
            "isresource": false, 
            "mapfeaturecolor": "rgba(255,0.0,0.0,1.0)", 
            "maplinewidth": 1, 
            "mappointsize": 4, 
            "name": "Place 3", 
            "nodegroups": [
                {
                    "cardinality": "n", 
                    "legacygroupid": null, 
                    "nodegroupid": "29289e00-bbf4-11e6-84a5-026d961c88e6", 
                    "parentnodegroup_id": "29289dfa-bbf4-11e6-84a5-026d961c88e6"
                }, 
                {
                    "cardinality": "1", 
                    "legacygroupid": null, 
                    "nodegroupid": "29289df4-bbf4-11e6-84a5-026d961c88e6", 
                    "parentnodegroup_id": "29289dfa-bbf4-11e6-84a5-026d961c88e6"
                }, 
                {
                    "cardinality": "1", 
                    "legacygroupid": null, 
                    "nodegroupid": "29289dfa-bbf4-11e6-84a5-026d961c88e6", 
                    "parentnodegroup_id": null
                }, 
                {
                    "cardinality": "1", 
                    "legacygroupid": null, 
                    "nodegroupid": "29289dfd-bbf4-11e6-84a5-026d961c88e6", 
                    "parentnodegroup_id": "29289dfa-bbf4-11e6-84a5-026d961c88e6"
                }
            ], 
            "nodes": [
                {
                    "config": {
                        "rdmCollection": null
                    }, 
                    "datatype": "concept", 
                    "description": "Represents a single node in a graph", 
                    "graph_id": "29289df0-bbf4-11e6-84a5-026d961c88e6", 
                    "is_collector": false, 
                    "istopnode": false, 
                    "name": "Geometry Qualifier", 
                    "nodegroup_id": "29289df4-bbf4-11e6-84a5-026d961c88e6", 
                    "nodeid": "29289e0a-bbf4-11e6-84a5-026d961c88e6", 
                    "ontologyclass": "http://www.cidoc-crm.org/cidoc-crm/E55_Type", 
                    "parentproperty": "http://www.cidoc-crm.org/cidoc-crm/P2_has_type"
                }, 
                {
                    "config": null, 
                    "datatype": "semantic", 
                    "description": "", 
                    "graph_id": "29289df0-bbf4-11e6-84a5-026d961c88e6", 
                    "is_collector": true, 
                    "istopnode": true, 
                    "name": "Place", 
                    "nodegroup_id": "29289dfa-bbf4-11e6-84a5-026d961c88e6", 
                    "nodeid": "29289dfa-bbf4-11e6-84a5-026d961c88e6", 
                    "ontologyclass": "http://www.cidoc-crm.org/cidoc-crm/E53_Place", 
                    "parentproperty": ""
                }, 
                {
                    "config": null, 
                    "datatype": "semantic", 
                    "description": "Represents a single node in a graph", 
                    "graph_id": "29289df0-bbf4-11e6-84a5-026d961c88e6", 
                    "is_collector": true, 
                    "istopnode": false, 
                    "name": "Administration Subdivision", 
                    "nodegroup_id": "29289e00-bbf4-11e6-84a5-026d961c88e6", 
                    "nodeid": "29289e00-bbf4-11e6-84a5-026d961c88e6", 
                    "ontologyclass": "http://www.cidoc-crm.org/cidoc-crm/E53_Place", 
                    "parentproperty": "http://www.cidoc-crm.org/cidoc-crm/P89_falls_within"
                }, 
                {
                    "config": null, 
                    "datatype": "string", 
                    "description": "Represents a single node in a graph", 
                    "graph_id": "29289df0-bbf4-11e6-84a5-026d961c88e6", 
                    "is_collector": false, 
                    "istopnode": false, 
                    "name": "Administrative Subdivision Name", 
                    "nodegroup_id": "29289e00-bbf4-11e6-84a5-026d961c88e6", 
                    "nodeid": "29289e06-bbf4-11e6-84a5-026d961c88e6", 
                    "ontologyclass": "http://www.cidoc-crm.org/cidoc-crm/E44_Place_Appellation", 
                    "parentproperty": "http://www.cidoc-crm.org/cidoc-crm/P87_is_identified_by"
                }, 
                {
                    "config": {
                        "addToMap": false, 
                        "advancedStyle": "", 
                        "advancedStyling": false, 
                        "autoManageCache": false, 
                        "cacheTiles": false, 
                        "clusterDistance": 20, 
                        "clusterMaxZoom": 5, 
                        "clusterMinPoints": 3, 
                        "fillColor": "rgba(130, 130, 130, 0.5)", 
                        "haloRadius": 4, 
                        "haloWeight": 4, 
                        "layerActivated": true, 
                        "layerIcon": "", 
                        "layerName": "", 
                        "lineColor": "rgba(130, 130, 130, 0.7)", 
                        "lineHaloColor": "rgba(200, 200, 200, 0.5)", 
                        "outlineColor": "rgba(200, 200, 200, 0.7)", 
                        "outlineWeight": 2, 
                        "pointColor": "rgba(130, 130, 130, 0.7)", 
                        "pointHaloColor": "rgba(200, 200, 200, 0.5)", 
                        "radius": 2, 
                        "weight": 2
                    }, 
                    "datatype": "geojson-feature-collection", 
                    "description": "Represents a single node in a graph", 
                    "graph_id": "29289df0-bbf4-11e6-84a5-026d961c88e6", 
                    "is_collector": true, 
                    "istopnode": false, 
                    "name": "Spatial Coordinates Geometry", 
                    "nodegroup_id": "29289df4-bbf4-11e6-84a5-026d961c88e6", 
                    "nodeid": "29289df4-bbf4-11e6-84a5-026d961c88e6", 
                    "ontologyclass": "http://www.cidoc-crm.org/cidoc-crm/E47_Spatial_Coordinates", 
                    "parentproperty": "http://www.cidoc-crm.org/cidoc-crm/P87_is_identified_by"
                }, 
                {
                    "config": null, 
                    "datatype": "string", 
                    "description": "Represents a single node in a graph", 
                    "graph_id": "29289df0-bbf4-11e6-84a5-026d961c88e6", 
                    "is_collector": false, 
                    "istopnode": false, 
                    "name": "Place Description", 
                    "nodegroup_id": "29289dfd-bbf4-11e6-84a5-026d961c88e6", 
                    "nodeid": "29289e09-bbf4-11e6-84a5-026d961c88e6", 
                    "ontologyclass": "http://www.cidoc-crm.org/cidoc-crm/E62_String", 
                    "parentproperty": "http://www.cidoc-crm.org/cidoc-crm/P3_has_note"
                }, 
                {
                    "config": null, 
                    "datatype": "semantic", 
                    "description": "Represents a single node in a graph", 
                    "graph_id": "29289df0-bbf4-11e6-84a5-026d961c88e6", 
                    "is_collector": true, 
                    "istopnode": false, 
                    "name": "Place Description Assignment", 
                    "nodegroup_id": "29289dfd-bbf4-11e6-84a5-026d961c88e6", 
                    "nodeid": "29289dfd-bbf4-11e6-84a5-026d961c88e6", 
                    "ontologyclass": "http://www.cidoc-crm.org/cidoc-crm/E13_Attribute_Assignment", 
                    "parentproperty": "http://www.cidoc-crm.org/cidoc-crm/P140i_was_attributed_by"
                }, 
                {
                    "config": {
                        "rdmCollection": "d5230d60-0eb9-483d-90f4-9965eaca0292"
                    }, 
                    "datatype": "concept", 
                    "description": "Represents a single node in a graph", 
                    "graph_id": "29289df0-bbf4-11e6-84a5-026d961c88e6", 
                    "is_collector": false, 
                    "istopnode": false, 
                    "name": "Administrative Subdivision Type", 
                    "nodegroup_id": "29289e00-bbf4-11e6-84a5-026d961c88e6", 
                    "nodeid": "29289e08-bbf4-11e6-84a5-026d961c88e6", 
                    "ontologyclass": "http://www.cidoc-crm.org/cidoc-crm/E55_Type", 
                    "parentproperty": "http://www.cidoc-crm.org/cidoc-crm/P2_has_type"
                }
            ], 
            "ontology_id": "e6e8db47-2ccf-11e6-927e-b8f6b115d7dd", 
            "reports": [], 
            "root": {
                "config": null, 
                "datatype": "semantic", 
                "description": "", 
                "graph_id": "29289df0-bbf4-11e6-84a5-026d961c88e6", 
                "is_collector": true, 
                "istopnode": true, 
                "name": "Place", 
                "nodegroup_id": "29289dfa-bbf4-11e6-84a5-026d961c88e6", 
                "nodeid": "29289dfa-bbf4-11e6-84a5-026d961c88e6", 
                "ontologyclass": "http://www.cidoc-crm.org/cidoc-crm/E53_Place", 
                "parentproperty": ""
            }, 
            "subtitle": "Stripped down Place branch for use in Information Resource", 
            "version": ""
        }
    ], 
    "metadata": {
        "db": "PostgreSQL 9.6.0 on x86_64-pc-linux-gnu, compiled by gcc (Ubuntu 5.3.1-14ubuntu2) 5.3.1 20160413, 64-bit", 
        "git hash": "ff93bd9 2017-01-24 10:17:51 -0800", 
        "os": "Linux", 
        "os version": "4.4.0-45-generic"
    }
}