{
    "graph": [
        {
            "author": " GCI", 
            "cards": [
                {
                    "active": true, 
                    "cardid": "2dc04e37-bbf3-11e6-84a5-026d961c88e6", 
                    "description": "Represents a single node in a graph", 
                    "graph_id": "2dc04e22-bbf3-11e6-84a5-026d961c88e6", 
                    "helpenabled": false, 
                    "helptext": null, 
                    "helptitle": null, 
                    "instructions": "Define the spatial location.", 
                    "name": "Spatial Location", 
                    "nodegroup_id": "2dc04e35-bbf3-11e6-84a5-026d961c88e6", 
                    "sortorder": 0, 
                    "visible": true
                }, 
                {
                    "active": true, 
                    "cardid": "2dc04e34-bbf3-11e6-84a5-026d961c88e6", 
                    "description": "Represents a single node in a graph", 
                    "graph_id": "2dc04e22-bbf3-11e6-84a5-026d961c88e6", 
                    "helpenabled": false, 
                    "helptext": null, 
                    "helptitle": null, 
                    "instructions": "Select the administrative/governmental subdivision name and type.", 
                    "name": "Administration Subdivision", 
                    "nodegroup_id": "2dc04e32-bbf3-11e6-84a5-026d961c88e6", 
                    "sortorder": 2, 
                    "visible": true
                }, 
                {
                    "active": true, 
                    "cardid": "2dc04e31-bbf3-11e6-84a5-026d961c88e6", 
                    "description": "Represents a single node in a graph", 
                    "graph_id": "2dc04e22-bbf3-11e6-84a5-026d961c88e6", 
                    "helpenabled": false, 
                    "helptext": null, 
                    "helptitle": null, 
                    "instructions": "Enter the address of the location.", 
                    "name": "Address", 
                    "nodegroup_id": "2dc04e2f-bbf3-11e6-84a5-026d961c88e6", 
                    "sortorder": 1, 
                    "visible": true
                }, 
                {
                    "active": true, 
                    "cardid": "2dc04e2b-bbf3-11e6-84a5-026d961c88e6", 
                    "description": "Represents a single node in a graph", 
                    "graph_id": "2dc04e22-bbf3-11e6-84a5-026d961c88e6", 
                    "helpenabled": false, 
                    "helptext": null, 
                    "helptitle": null, 
                    "instructions": "Enter the cadastral reference number.", 
                    "name": "Cadastral Reference", 
                    "nodegroup_id": "2dc04e29-bbf3-11e6-84a5-026d961c88e6", 
                    "sortorder": 4, 
                    "visible": true
                }, 
                {
                    "active": true, 
                    "cardid": "2dc04e2e-bbf3-11e6-84a5-026d961c88e6", 
                    "description": "Represents a single node in a graph", 
                    "graph_id": "2dc04e22-bbf3-11e6-84a5-026d961c88e6", 
                    "helpenabled": false, 
                    "helptext": null, 
                    "helptitle": null, 
                    "instructions": "Describe the location of the resource.", 
                    "name": "Description Location", 
                    "nodegroup_id": "2dc04e2c-bbf3-11e6-84a5-026d961c88e6", 
                    "sortorder": 3, 
                    "visible": true
                }, 
                {
                    "active": true, 
                    "cardid": "2dc04e25-bbf3-11e6-84a5-026d961c88e6", 
                    "description": "For Actor resources: Describes the former and current residences of an Actor resource. Relates to Actor E39 with P74 \nFor Activity and Historic Event: Describes the location of where an activity or historic event took place. Relates to Activity E7 with P7. Relates to Historical Event E5 with P7\n", 
                    "graph_id": "2dc04e22-bbf3-11e6-84a5-026d961c88e6", 
                    "helpenabled": false, 
                    "helptext": null, 
                    "helptitle": null, 
                    "instructions": null, 
                    "name": "Place 2", 
                    "nodegroup_id": "2dc04e23-bbf3-11e6-84a5-026d961c88e6", 
                    "sortorder": null, 
                    "visible": true
                }
            ], 
            "cards_x_nodes_x_widgets": [], 
            "deploymentdate": null, 
            "deploymentfile": null, 
            "description": "For Actor resources: Describes the former and current residences of an Actor resource. Relates to Actor E39 with P74 \nFor Activity and Historic Event: Describes the location of where an activity or historic event took place. Relates to Activity E7 with P7. Relates to Historical Event E5 with P7\n", 
            "edges": [
                {
                    "description": null, 
                    "domainnode_id": "2dc04e23-bbf3-11e6-84a5-026d961c88e6", 
                    "edgeid": "2dc04e4c-bbf3-11e6-84a5-026d961c88e6", 
                    "graph_id": "2dc04e22-bbf3-11e6-84a5-026d961c88e6", 
                    "name": null, 
                    "ontologyproperty": "http://www.cidoc-crm.org/cidoc-crm/P87_is_identified_by", 
                    "rangenode_id": "2dc04e2f-bbf3-11e6-84a5-026d961c88e6"
                }, 
                {
                    "description": null, 
                    "domainnode_id": "2dc04e23-bbf3-11e6-84a5-026d961c88e6", 
                    "edgeid": "2dc04e48-bbf3-11e6-84a5-026d961c88e6", 
                    "graph_id": "2dc04e22-bbf3-11e6-84a5-026d961c88e6", 
                    "name": null, 
                    "ontologyproperty": "http://www.cidoc-crm.org/cidoc-crm/P87_is_identified_by", 
                    "rangenode_id": "2dc04e29-bbf3-11e6-84a5-026d961c88e6"
                }, 
                {
                    "description": null, 
                    "domainnode_id": "2dc04e23-bbf3-11e6-84a5-026d961c88e6", 
                    "edgeid": "2dc04e4e-bbf3-11e6-84a5-026d961c88e6", 
                    "graph_id": "2dc04e22-bbf3-11e6-84a5-026d961c88e6", 
                    "name": null, 
                    "ontologyproperty": "http://www.cidoc-crm.org/cidoc-crm/P140i_was_attributed_by", 
                    "rangenode_id": "2dc04e2c-bbf3-11e6-84a5-026d961c88e6"
                }, 
                {
                    "description": null, 
                    "domainnode_id": "2dc04e32-bbf3-11e6-84a5-026d961c88e6", 
                    "edgeid": "2dc04e47-bbf3-11e6-84a5-026d961c88e6", 
                    "graph_id": "2dc04e22-bbf3-11e6-84a5-026d961c88e6", 
                    "name": null, 
                    "ontologyproperty": "http://www.cidoc-crm.org/cidoc-crm/P87_is_identified_by", 
                    "rangenode_id": "2dc04e3a-bbf3-11e6-84a5-026d961c88e6"
                }, 
                {
                    "description": null, 
                    "domainnode_id": "2dc04e35-bbf3-11e6-84a5-026d961c88e6", 
                    "edgeid": "2dc04e49-bbf3-11e6-84a5-026d961c88e6", 
                    "graph_id": "2dc04e22-bbf3-11e6-84a5-026d961c88e6", 
                    "name": null, 
                    "ontologyproperty": "http://www.cidoc-crm.org/cidoc-crm/P2_has_type", 
                    "rangenode_id": "2dc04e38-bbf3-11e6-84a5-026d961c88e6"
                }, 
                {
                    "description": null, 
                    "domainnode_id": "2dc04e23-bbf3-11e6-84a5-026d961c88e6", 
                    "edgeid": "2dc04e4d-bbf3-11e6-84a5-026d961c88e6", 
                    "graph_id": "2dc04e22-bbf3-11e6-84a5-026d961c88e6", 
                    "name": null, 
                    "ontologyproperty": "http://www.cidoc-crm.org/cidoc-crm/P89_falls_within", 
                    "rangenode_id": "2dc04e32-bbf3-11e6-84a5-026d961c88e6"
                }, 
                {
                    "description": null, 
                    "domainnode_id": "2dc04e23-bbf3-11e6-84a5-026d961c88e6", 
                    "edgeid": "2dc04e4f-bbf3-11e6-84a5-026d961c88e6", 
                    "graph_id": "2dc04e22-bbf3-11e6-84a5-026d961c88e6", 
                    "name": null, 
                    "ontologyproperty": "http://www.cidoc-crm.org/cidoc-crm/P87_is_identified_by", 
                    "rangenode_id": "2dc04e35-bbf3-11e6-84a5-026d961c88e6"
                }, 
                {
                    "description": null, 
                    "domainnode_id": "2dc04e2c-bbf3-11e6-84a5-026d961c88e6", 
                    "edgeid": "2dc04e46-bbf3-11e6-84a5-026d961c88e6", 
                    "graph_id": "2dc04e22-bbf3-11e6-84a5-026d961c88e6", 
                    "name": null, 
                    "ontologyproperty": "http://www.cidoc-crm.org/cidoc-crm/P3_has_note", 
                    "rangenode_id": "2dc04e3b-bbf3-11e6-84a5-026d961c88e6"
                }, 
                {
                    "description": null, 
                    "domainnode_id": "2dc04e2f-bbf3-11e6-84a5-026d961c88e6", 
                    "edgeid": "2dc04e4b-bbf3-11e6-84a5-026d961c88e6", 
                    "graph_id": "2dc04e22-bbf3-11e6-84a5-026d961c88e6", 
                    "name": null, 
                    "ontologyproperty": "http://www.cidoc-crm.org/cidoc-crm/P2_has_type", 
                    "rangenode_id": "2dc04e39-bbf3-11e6-84a5-026d961c88e6"
                }, 
                {
                    "description": null, 
                    "domainnode_id": "2dc04e32-bbf3-11e6-84a5-026d961c88e6", 
                    "edgeid": "2dc04e4a-bbf3-11e6-84a5-026d961c88e6", 
                    "graph_id": "2dc04e22-bbf3-11e6-84a5-026d961c88e6", 
                    "name": null, 
                    "ontologyproperty": "http://www.cidoc-crm.org/cidoc-crm/P2_has_type", 
                    "rangenode_id": "2dc04e3c-bbf3-11e6-84a5-026d961c88e6"
                }
            ], 
            "forms": [], 
            "forms_x_cards": [], 
            "functions": [], 
            "graphid": "2dc04e22-bbf3-11e6-84a5-026d961c88e6", 
            "iconclass": "fa fa-map-marker", 
            "isactive": true, 
            "isresource": false, 
            "mapfeaturecolor": "rgba(255,0.0,0.0,1.0)", 
            "maplinewidth": 1, 
            "mappointsize": 4, 
            "name": "Place 2", 
            "nodegroups": [
                {
                    "cardinality": "1", 
                    "legacygroupid": null, 
                    "nodegroupid": "2dc04e35-bbf3-11e6-84a5-026d961c88e6", 
                    "parentnodegroup_id": "2dc04e23-bbf3-11e6-84a5-026d961c88e6"
                }, 
                {
                    "cardinality": "n", 
                    "legacygroupid": null, 
                    "nodegroupid": "2dc04e29-bbf3-11e6-84a5-026d961c88e6", 
                    "parentnodegroup_id": "2dc04e23-bbf3-11e6-84a5-026d961c88e6"
                }, 
                {
                    "cardinality": "1", 
                    "legacygroupid": null, 
                    "nodegroupid": "2dc04e2c-bbf3-11e6-84a5-026d961c88e6", 
                    "parentnodegroup_id": "2dc04e23-bbf3-11e6-84a5-026d961c88e6"
                }, 
                {
                    "cardinality": "n", 
                    "legacygroupid": null, 
                    "nodegroupid": "2dc04e2f-bbf3-11e6-84a5-026d961c88e6", 
                    "parentnodegroup_id": "2dc04e23-bbf3-11e6-84a5-026d961c88e6"
                }, 
                {
                    "cardinality": "1", 
                    "legacygroupid": null, 
                    "nodegroupid": "2dc04e23-bbf3-11e6-84a5-026d961c88e6", 
                    "parentnodegroup_id": null
                }, 
                {
                    "cardinality": "n", 
                    "legacygroupid": null, 
                    "nodegroupid": "2dc04e32-bbf3-11e6-84a5-026d961c88e6", 
                    "parentnodegroup_id": "2dc04e23-bbf3-11e6-84a5-026d961c88e6"
                }
            ], 
            "nodes": [
                {
                    "config": {
                        "rdmCollection": "d5230d60-0eb9-483d-90f4-9965eaca0292"
                    }, 
                    "datatype": "concept", 
                    "description": "Represents a single node in a graph", 
                    "graph_id": "2dc04e22-bbf3-11e6-84a5-026d961c88e6", 
                    "is_collector": false, 
                    "istopnode": false, 
                    "name": "Administrative Subdivision Type", 
                    "nodegroup_id": "2dc04e32-bbf3-11e6-84a5-026d961c88e6", 
                    "nodeid": "2dc04e3c-bbf3-11e6-84a5-026d961c88e6", 
                    "ontologyclass": "http://www.cidoc-crm.org/cidoc-crm/E55_Type", 
                    "parentproperty": "http://www.cidoc-crm.org/cidoc-crm/P2_has_type"
                }, 
                {
                    "config": {
                        "addToMap": false, 
                        "advancedStyle": "", 
                        "advancedStyling": false, 
                        "autoManageCache": false, 
                        "cacheTiles": false, 
                        "clusterDistance": 20, 
                        "clusterMaxZoom": 5, 
                        "clusterMinPoints": 3, 
                        "fillColor": "rgba(130, 130, 130, 0.5)", 
                        "haloRadius": 4, 
                        "haloWeight": 4, 
                        "layerActivated": true, 
                        "layerIcon": "", 
                        "layerName": "", 
                        "lineColor": "rgba(130, 130, 130, 0.7)", 
                        "lineHaloColor": "rgba(200, 200, 200, 0.5)", 
                        "outlineColor": "rgba(200, 200, 200, 0.7)", 
                        "outlineWeight": 2, 
                        "pointColor": "rgba(130, 130, 130, 0.7)", 
                        "pointHaloColor": "rgba(200, 200, 200, 0.5)", 
                        "radius": 2, 
                        "weight": 2
                    }, 
                    "datatype": "geojson-feature-collection", 
                    "description": "Represents a single node in a graph", 
                    "graph_id": "2dc04e22-bbf3-11e6-84a5-026d961c88e6", 
                    "is_collector": true, 
                    "istopnode": false, 
                    "name": "Spatial Coordinates Geometry", 
                    "nodegroup_id": "2dc04e35-bbf3-11e6-84a5-026d961c88e6", 
                    "nodeid": "2dc04e35-bbf3-11e6-84a5-026d961c88e6", 
                    "ontologyclass": "http://www.cidoc-crm.org/cidoc-crm/E47_Spatial_Coordinates", 
                    "parentproperty": "http://www.cidoc-crm.org/cidoc-crm/P87_is_identified_by"
                }, 
                {
                    "config": null, 
                    "datatype": "string", 
                    "description": "Represents a single node in a graph", 
                    "graph_id": "2dc04e22-bbf3-11e6-84a5-026d961c88e6", 
                    "is_collector": true, 
                    "istopnode": false, 
                    "name": "Place Address", 
                    "nodegroup_id": "2dc04e2f-bbf3-11e6-84a5-026d961c88e6", 
                    "nodeid": "2dc04e2f-bbf3-11e6-84a5-026d961c88e6", 
                    "ontologyclass": "http://www.cidoc-crm.org/cidoc-crm/E45_Address", 
                    "parentproperty": "http://www.cidoc-crm.org/cidoc-crm/P87_is_identified_by"
                }, 
                {
                    "config": {
                        "rdmCollection": null
                    }, 
                    "datatype": "concept", 
                    "description": "Represents a single node in a graph", 
                    "graph_id": "2dc04e22-bbf3-11e6-84a5-026d961c88e6", 
                    "is_collector": false, 
                    "istopnode": false, 
                    "name": "Geometry Qualifier", 
                    "nodegroup_id": "2dc04e35-bbf3-11e6-84a5-026d961c88e6", 
                    "nodeid": "2dc04e38-bbf3-11e6-84a5-026d961c88e6", 
                    "ontologyclass": "http://www.cidoc-crm.org/cidoc-crm/E55_Type", 
                    "parentproperty": "http://www.cidoc-crm.org/cidoc-crm/P2_has_type"
                }, 
                {
                    "config": null, 
                    "datatype": "semantic", 
                    "description": "Represents a single node in a graph", 
                    "graph_id": "2dc04e22-bbf3-11e6-84a5-026d961c88e6", 
                    "is_collector": true, 
                    "istopnode": false, 
                    "name": "Place Description Assignment", 
                    "nodegroup_id": "2dc04e2c-bbf3-11e6-84a5-026d961c88e6", 
                    "nodeid": "2dc04e2c-bbf3-11e6-84a5-026d961c88e6", 
                    "ontologyclass": "http://www.cidoc-crm.org/cidoc-crm/E13_Attribute_Assignment", 
                    "parentproperty": "http://www.cidoc-crm.org/cidoc-crm/P140i_was_attributed_by"
                }, 
                {
                    "config": {
                        "rdmCollection": null
                    }, 
                    "datatype": "concept", 
                    "description": "Represents a single node in a graph", 
                    "graph_id": "2dc04e22-bbf3-11e6-84a5-026d961c88e6", 
                    "is_collector": false, 
                    "istopnode": false, 
                    "name": "Address Type", 
                    "nodegroup_id": "2dc04e2f-bbf3-11e6-84a5-026d961c88e6", 
                    "nodeid": "2dc04e39-bbf3-11e6-84a5-026d961c88e6", 
                    "ontologyclass": "http://www.cidoc-crm.org/cidoc-crm/E55_Type", 
                    "parentproperty": "http://www.cidoc-crm.org/cidoc-crm/P2_has_type"
                }, 
                {
                    "config": null, 
                    "datatype": "semantic", 
                    "description": "Represents a single node in a graph", 
                    "graph_id": "2dc04e22-bbf3-11e6-84a5-026d961c88e6", 
                    "is_collector": true, 
                    "istopnode": false, 
                    "name": "Administration Subdivision", 
                    "nodegroup_id": "2dc04e32-bbf3-11e6-84a5-026d961c88e6", 
                    "nodeid": "2dc04e32-bbf3-11e6-84a5-026d961c88e6", 
                    "ontologyclass": "http://www.cidoc-crm.org/cidoc-crm/E53_Place", 
                    "parentproperty": "http://www.cidoc-crm.org/cidoc-crm/P89_falls_within"
                }, 
                {
                    "config": null, 
                    "datatype": "string", 
                    "description": "Represents a single node in a graph", 
                    "graph_id": "2dc04e22-bbf3-11e6-84a5-026d961c88e6", 
                    "is_collector": true, 
                    "istopnode": false, 
                    "name": "Cadastral Reference", 
                    "nodegroup_id": "2dc04e29-bbf3-11e6-84a5-026d961c88e6", 
                    "nodeid": "2dc04e29-bbf3-11e6-84a5-026d961c88e6", 
                    "ontologyclass": "http://www.cidoc-crm.org/cidoc-crm/E44_Place_Appellation", 
                    "parentproperty": "http://www.cidoc-crm.org/cidoc-crm/P87_is_identified_by"
                }, 
                {
                    "config": null, 
                    "datatype": "string", 
                    "description": "Represents a single node in a graph", 
                    "graph_id": "2dc04e22-bbf3-11e6-84a5-026d961c88e6", 
                    "is_collector": false, 
                    "istopnode": false, 
                    "name": "Place Description", 
                    "nodegroup_id": "2dc04e2c-bbf3-11e6-84a5-026d961c88e6", 
                    "nodeid": "2dc04e3b-bbf3-11e6-84a5-026d961c88e6", 
                    "ontologyclass": "http://www.cidoc-crm.org/cidoc-crm/E62_String", 
                    "parentproperty": "http://www.cidoc-crm.org/cidoc-crm/P3_has_note"
                }, 
                {
                    "config": null, 
                    "datatype": "string", 
                    "description": "Represents a single node in a graph", 
                    "graph_id": "2dc04e22-bbf3-11e6-84a5-026d961c88e6", 
                    "is_collector": false, 
                    "istopnode": false, 
                    "name": "Administrative Subdivision Name", 
                    "nodegroup_id": "2dc04e32-bbf3-11e6-84a5-026d961c88e6", 
                    "nodeid": "2dc04e3a-bbf3-11e6-84a5-026d961c88e6", 
                    "ontologyclass": "http://www.cidoc-crm.org/cidoc-crm/E44_Place_Appellation", 
                    "parentproperty": "http://www.cidoc-crm.org/cidoc-crm/P87_is_identified_by"
                }, 
                {
                    "config": null, 
                    "datatype": "semantic", 
                    "description": "", 
                    "graph_id": "2dc04e22-bbf3-11e6-84a5-026d961c88e6", 
                    "is_collector": true, 
                    "istopnode": true, 
                    "name": "Place", 
                    "nodegroup_id": "2dc04e23-bbf3-11e6-84a5-026d961c88e6", 
                    "nodeid": "2dc04e23-bbf3-11e6-84a5-026d961c88e6", 
                    "ontologyclass": "http://www.cidoc-crm.org/cidoc-crm/E53_Place", 
                    "parentproperty": ""
                }
            ], 
            "ontology_id": "e6e8db47-2ccf-11e6-927e-b8f6b115d7dd", 
            "reports": [], 
            "root": {
                "config": null, 
                "datatype": "semantic", 
                "description": "", 
                "graph_id": "2dc04e22-bbf3-11e6-84a5-026d961c88e6", 
                "is_collector": true, 
                "istopnode": true, 
                "name": "Place", 
                "nodegroup_id": "2dc04e23-bbf3-11e6-84a5-026d961c88e6", 
                "nodeid": "2dc04e23-bbf3-11e6-84a5-026d961c88e6", 
                "ontologyclass": "http://www.cidoc-crm.org/cidoc-crm/E53_Place", 
                "parentproperty": ""
            }, 
            "subtitle": "Stores place information for Historic Events and Activities", 
            "version": ""
        }
    ], 
    "metadata": {
        "db": "PostgreSQL 9.6.0 on x86_64-pc-linux-gnu, compiled by gcc (Ubuntu 5.3.1-14ubuntu2) 5.3.1 20160413, 64-bit", 
        "git hash": "ff93bd9 2017-01-24 10:17:51 -0800", 
        "os": "Linux", 
        "os version": "4.4.0-45-generic"
    }
}