{
    "graph": [
        {
            "author": " GCI", 
            "cards": [
                {
                    "active": true, 
                    "cardid": "d28b7ddb-9587-11e6-b664-024f9e178154", 
                    "description": "", 
                    "graph_id": "94ebff3f-9587-11e6-b664-024f9e178154", 
                    "helpenabled": false, 
                    "helptext": null, 
                    "helptitle": null, 
                    "instructions": "Define the resource's designation or protection status.", 
                    "name": "Designation or Protection", 
                    "nodegroup_id": "d28b7dd9-9587-11e6-b664-024f9e178154", 
                    "sortorder": 0, 
                    "visible": true
                }, 
                {
                    "active": true, 
                    "cardid": "94ebff41-9587-11e6-b664-024f9e178154", 
                    "description": "Captures information about special status, protection, or privileges afforded under law.\n\nApplies to: Heritage Resource, Heritage Resource Model", 
                    "graph_id": "94ebff3f-9587-11e6-b664-024f9e178154", 
                    "helpenabled": false, 
                    "helptext": null, 
                    "helptitle": null, 
                    "instructions": null, 
                    "name": "Right", 
                    "nodegroup_id": "94ebff3e-9587-11e6-b664-024f9e178154", 
                    "sortorder": null, 
                    "visible": true
                }
            ], 
            "cards_x_nodes_x_widgets": [], 
            "deploymentdate": null, 
            "deploymentfile": null, 
            "description": "Captures information about special status, protection, or privileges afforded under law.\n\nApplies to: Heritage Resource, Heritage Resource Model", 
            "edges": [
                {
                    "description": null, 
                    "domainnode_id": "d28b7dd9-9587-11e6-b664-024f9e178154", 
                    "edgeid": "d28b7ddd-9587-11e6-b664-024f9e178154", 
                    "graph_id": "94ebff3f-9587-11e6-b664-024f9e178154", 
                    "name": null, 
                    "ontologyproperty": "http://www.cidoc-crm.org/cidoc-crm/P2_has_type", 
                    "rangenode_id": "d28b7ddc-9587-11e6-b664-024f9e178154"
                }, 
                {
                    "description": null, 
                    "domainnode_id": "23f7e4ff-9588-11e6-b664-024f9e178154", 
                    "edgeid": "69f856f2-9588-11e6-b664-024f9e178154", 
                    "graph_id": "94ebff3f-9587-11e6-b664-024f9e178154", 
                    "name": null, 
                    "ontologyproperty": "http://www.cidoc-crm.org/cidoc-crm/P78_is_identified_by", 
                    "rangenode_id": "69f856f1-9588-11e6-b664-024f9e178154"
                }, 
                {
                    "description": null, 
                    "domainnode_id": "23f7e4ff-9588-11e6-b664-024f9e178154", 
                    "edgeid": "46f04200-9588-11e6-b664-024f9e178154", 
                    "graph_id": "94ebff3f-9587-11e6-b664-024f9e178154", 
                    "name": null, 
                    "ontologyproperty": "http://www.cidoc-crm.org/cidoc-crm/P78_is_identified_by", 
                    "rangenode_id": "46f041ff-9588-11e6-b664-024f9e178154"
                }, 
                {
                    "description": null, 
                    "domainnode_id": "94ebff3e-9587-11e6-b664-024f9e178154", 
                    "edgeid": "d28b7dde-9587-11e6-b664-024f9e178154", 
                    "graph_id": "94ebff3f-9587-11e6-b664-024f9e178154", 
                    "name": null, 
                    "ontologyproperty": "http://www.cidoc-crm.org/cidoc-crm/P94i_was_created_by", 
                    "rangenode_id": "d28b7dd9-9587-11e6-b664-024f9e178154"
                }, 
                {
                    "description": null, 
                    "domainnode_id": "d28b7dd9-9587-11e6-b664-024f9e178154", 
                    "edgeid": "23f7e500-9588-11e6-b664-024f9e178154", 
                    "graph_id": "94ebff3f-9587-11e6-b664-024f9e178154", 
                    "name": null, 
                    "ontologyproperty": "http://www.cidoc-crm.org/cidoc-crm/P4_has_time-span", 
                    "rangenode_id": "23f7e4ff-9588-11e6-b664-024f9e178154"
                }
            ], 
            "forms": [], 
            "forms_x_cards": [], 
            "functions": [], 
            "graphid": "94ebff3f-9587-11e6-b664-024f9e178154", 
            "iconclass": "fa fa-copyright", 
            "isactive": true, 
            "isresource": false, 
            "mapfeaturecolor": null, 
            "maplinewidth": null, 
            "mappointsize": null, 
            "name": "Right", 
            "nodegroups": [
                {
                    "cardinality": "1", 
                    "legacygroupid": null, 
                    "nodegroupid": "94ebff3e-9587-11e6-b664-024f9e178154", 
                    "parentnodegroup_id": null
                }, 
                {
                    "cardinality": "n", 
                    "legacygroupid": null, 
                    "nodegroupid": "d28b7dd9-9587-11e6-b664-024f9e178154", 
                    "parentnodegroup_id": "94ebff3e-9587-11e6-b664-024f9e178154"
                }
            ], 
            "nodes": [
                {
                    "config": null, 
                    "datatype": "semantic", 
                    "description": "", 
                    "graph_id": "94ebff3f-9587-11e6-b664-024f9e178154", 
                    "is_collector": true, 
                    "istopnode": false, 
                    "name": "Protection Event", 
                    "nodegroup_id": "d28b7dd9-9587-11e6-b664-024f9e178154", 
                    "nodeid": "d28b7dd9-9587-11e6-b664-024f9e178154", 
                    "ontologyclass": "http://www.cidoc-crm.org/cidoc-crm/E65_Creation", 
                    "parentproperty": "http://www.cidoc-crm.org/cidoc-crm/P94i_was_created_by"
                }, 
                {
                    "config": null, 
                    "datatype": "semantic", 
                    "description": "", 
                    "graph_id": "94ebff3f-9587-11e6-b664-024f9e178154", 
                    "is_collector": true, 
                    "istopnode": true, 
                    "name": "Right", 
                    "nodegroup_id": "94ebff3e-9587-11e6-b664-024f9e178154", 
                    "nodeid": "94ebff3e-9587-11e6-b664-024f9e178154", 
                    "ontologyclass": "http://www.cidoc-crm.org/cidoc-crm/E30_Right", 
                    "parentproperty": ""
                }, 
                {
                    "config": null, 
                    "datatype": "date", 
                    "description": "Represents a single node in a graph", 
                    "graph_id": "94ebff3f-9587-11e6-b664-024f9e178154", 
                    "is_collector": false, 
                    "istopnode": false, 
                    "name": "Designation or Protection To Date", 
                    "nodegroup_id": "d28b7dd9-9587-11e6-b664-024f9e178154", 
                    "nodeid": "69f856f1-9588-11e6-b664-024f9e178154", 
                    "ontologyclass": "http://www.cidoc-crm.org/cidoc-crm/E49_Time_Appellation", 
                    "parentproperty": "http://www.cidoc-crm.org/cidoc-crm/P78_is_identified_by"
                }, 
                {
                    "config": null, 
                    "datatype": "semantic", 
                    "description": "Represents a single node in a graph", 
                    "graph_id": "94ebff3f-9587-11e6-b664-024f9e178154", 
                    "is_collector": false, 
                    "istopnode": false, 
                    "name": "Timespan of Designation or Protection", 
                    "nodegroup_id": "d28b7dd9-9587-11e6-b664-024f9e178154", 
                    "nodeid": "23f7e4ff-9588-11e6-b664-024f9e178154", 
                    "ontologyclass": "http://www.cidoc-crm.org/cidoc-crm/E52_Time-Span", 
                    "parentproperty": "http://www.cidoc-crm.org/cidoc-crm/P4_has_time-span"
                }, 
                {
                    "config": {
                        "rdmCollection": null
                    }, 
                    "datatype": "concept", 
                    "description": "", 
                    "graph_id": "94ebff3f-9587-11e6-b664-024f9e178154", 
                    "is_collector": false, 
                    "istopnode": false, 
                    "name": "Type of Designation or Protection", 
                    "nodegroup_id": "d28b7dd9-9587-11e6-b664-024f9e178154", 
                    "nodeid": "d28b7ddc-9587-11e6-b664-024f9e178154", 
                    "ontologyclass": "http://www.cidoc-crm.org/cidoc-crm/E55_Type", 
                    "parentproperty": "http://www.cidoc-crm.org/cidoc-crm/P2_has_type"
                }, 
                {
                    "config": null, 
                    "datatype": "date", 
                    "description": "Represents a single node in a graph", 
                    "graph_id": "94ebff3f-9587-11e6-b664-024f9e178154", 
                    "is_collector": false, 
                    "istopnode": false, 
                    "name": "Designation or Protection From Date", 
                    "nodegroup_id": "d28b7dd9-9587-11e6-b664-024f9e178154", 
                    "nodeid": "46f041ff-9588-11e6-b664-024f9e178154", 
                    "ontologyclass": "http://www.cidoc-crm.org/cidoc-crm/E49_Time_Appellation", 
                    "parentproperty": "http://www.cidoc-crm.org/cidoc-crm/P78_is_identified_by"
                }
            ], 
            "ontology_id": "e6e8db47-2ccf-11e6-927e-b8f6b115d7dd", 
            "reports": [], 
            "root": {
                "config": null, 
                "datatype": "semantic", 
                "description": "", 
                "graph_id": "94ebff3f-9587-11e6-b664-024f9e178154", 
                "is_collector": true, 
                "istopnode": true, 
                "name": "Right", 
                "nodegroup_id": "94ebff3e-9587-11e6-b664-024f9e178154", 
                "nodeid": "94ebff3e-9587-11e6-b664-024f9e178154", 
                "ontologyclass": "http://www.cidoc-crm.org/cidoc-crm/E30_Right", 
                "parentproperty": ""
            }, 
            "subtitle": "Captures information about special status, protection, or privileges afforded under law.", 
            "version": ""
        }
    ], 
    "metadata": {
        "db": "PostgreSQL 9.6.0 on x86_64-pc-linux-gnu, compiled by gcc (Ubuntu 5.3.1-14ubuntu2) 5.3.1 20160413, 64-bit", 
        "git hash": "ff93bd9 2017-01-24 10:17:51 -0800", 
        "os": "Linux", 
        "os version": "4.4.0-45-generic"
    }
}