{
    "graph": [
        {
            "author": " ", 
            "cards": [
                {
                    "active": true, 
                    "cardid": "f5f075eb-fada-11e6-a1bc-6c4008b05c4c", 
                    "description": "Represents a single node in a graph", 
                    "graph_id": "d8fd2b0f-fad8-11e6-8ebc-6c4008b05c4c", 
                    "helpenabled": false, 
                    "helptext": null, 
                    "helptitle": null, 
                    "instructions": null, 
                    "name": "App Names", 
                    "nodegroup_id": "e0a24d11-fada-11e6-b148-6c4008b05c4c", 
                    "sortorder": 0, 
                    "visible": true
                }, 
                {
                    "active": true, 
                    "cardid": "0dce1461-fadb-11e6-9f54-6c4008b05c4c", 
                    "description": "Represents a single node in a graph", 
                    "graph_id": "d8fd2b0f-fad8-11e6-8ebc-6c4008b05c4c", 
                    "helpenabled": false, 
                    "helptext": null, 
                    "helptitle": null, 
                    "instructions": null, 
                    "name": "Web Analytics", 
                    "nodegroup_id": "f8dcf242-fada-11e6-b852-6c4008b05c4c", 
                    "sortorder": 1, 
                    "visible": true
                }, 
                {
                    "active": true, 
                    "cardid": "d8fdb44a-fad8-11e6-80da-6c4008b05c4c", 
                    "description": "", 
                    "graph_id": "d8fd2b0f-fad8-11e6-8ebc-6c4008b05c4c", 
                    "helpenabled": false, 
                    "helptext": null, 
                    "helptitle": null, 
                    "instructions": null, 
                    "name": "Settings System Defaults", 
                    "nodegroup_id": "d8fd2851-fad8-11e6-85d8-6c4008b05c4c", 
                    "sortorder": null, 
                    "visible": true
                }, 
                {
                    "active": true, 
                    "cardid": "624d4902-fadb-11e6-80b1-6c4008b05c4c", 
                    "description": "Represents a single node in a graph", 
                    "graph_id": "d8fd2b0f-fad8-11e6-8ebc-6c4008b05c4c", 
                    "helpenabled": false, 
                    "helptext": null, 
                    "helptitle": null, 
                    "instructions": null, 
                    "name": "SPARQL Providers", 
                    "nodegroup_id": "4bf90614-fadb-11e6-ae57-6c4008b05c4c", 
                    "sortorder": 2, 
                    "visible": true
                }
            ], 
            "cards_x_nodes_x_widgets": [
                {
                    "card_id": "0dce1461-fadb-11e6-9f54-6c4008b05c4c", 
                    "config": {
                        "label": "GoogleAnalyticsKey", 
                        "maxLength": null, 
                        "placeholder": "Enter text", 
                        "width": "100%"
                    }, 
                    "id": "8862b62e-fadb-11e6-a80f-6c4008b05c4c", 
                    "label": "GoogleAnalyticsKey", 
                    "node_id": "105ae8b5-fadb-11e6-98ed-6c4008b05c4c", 
                    "sortorder": 0, 
                    "widget_id": "10000000-0000-0000-0000-000000000001"
                }
            ], 
            "deploymentdate": null, 
            "deploymentfile": null, 
            "description": "", 
            "edges": [
                {
                    "description": null, 
                    "domainnode_id": "d8fd2851-fad8-11e6-85d8-6c4008b05c4c", 
                    "edgeid": "e0a24ef0-fada-11e6-9d2a-6c4008b05c4c", 
                    "graph_id": "d8fd2b0f-fad8-11e6-8ebc-6c4008b05c4c", 
                    "name": null, 
                    "ontologyproperty": "http://www.cidoc-crm.org/cidoc-crm/P140i_was_attributed_by", 
                    "rangenode_id": "e0a24d11-fada-11e6-b148-6c4008b05c4c"
                }, 
                {
                    "description": null, 
                    "domainnode_id": "e0a24d11-fada-11e6-b148-6c4008b05c4c", 
                    "edgeid": "b1ea08d7-fadb-11e6-b9f1-6c4008b05c4c", 
                    "graph_id": "d8fd2b0f-fad8-11e6-8ebc-6c4008b05c4c", 
                    "name": null, 
                    "ontologyproperty": "http://www.cidoc-crm.org/cidoc-crm/P140i_was_attributed_by", 
                    "rangenode_id": "b1ea070a-fadb-11e6-82b7-6c4008b05c4c"
                }, 
                {
                    "description": null, 
                    "domainnode_id": "f8dcf242-fada-11e6-b852-6c4008b05c4c", 
                    "edgeid": "105aeaa8-fadb-11e6-abc7-6c4008b05c4c", 
                    "graph_id": "d8fd2b0f-fad8-11e6-8ebc-6c4008b05c4c", 
                    "name": null, 
                    "ontologyproperty": "http://www.cidoc-crm.org/cidoc-crm/P140i_was_attributed_by", 
                    "rangenode_id": "105ae8b5-fadb-11e6-98ed-6c4008b05c4c"
                }, 
                {
                    "description": null, 
                    "domainnode_id": "d8fd2851-fad8-11e6-85d8-6c4008b05c4c", 
                    "edgeid": "f8dcf435-fada-11e6-a4a8-6c4008b05c4c", 
                    "graph_id": "d8fd2b0f-fad8-11e6-8ebc-6c4008b05c4c", 
                    "name": null, 
                    "ontologyproperty": "http://www.cidoc-crm.org/cidoc-crm/P140i_was_attributed_by", 
                    "rangenode_id": "f8dcf242-fada-11e6-b852-6c4008b05c4c"
                }, 
                {
                    "description": null, 
                    "domainnode_id": "d8fd2851-fad8-11e6-85d8-6c4008b05c4c", 
                    "edgeid": "4bf907d4-fadb-11e6-9d5b-6c4008b05c4c", 
                    "graph_id": "d8fd2b0f-fad8-11e6-8ebc-6c4008b05c4c", 
                    "name": null, 
                    "ontologyproperty": "http://www.cidoc-crm.org/cidoc-crm/P140i_was_attributed_by", 
                    "rangenode_id": "4bf90614-fadb-11e6-ae57-6c4008b05c4c"
                }, 
                {
                    "description": null, 
                    "domainnode_id": "e0a24d11-fada-11e6-b148-6c4008b05c4c", 
                    "edgeid": "c293ea59-fadb-11e6-b043-6c4008b05c4c", 
                    "graph_id": "d8fd2b0f-fad8-11e6-8ebc-6c4008b05c4c", 
                    "name": null, 
                    "ontologyproperty": "http://www.cidoc-crm.org/cidoc-crm/P140i_was_attributed_by", 
                    "rangenode_id": "c293e87a-fadb-11e6-9ee3-6c4008b05c4c"
                }, 
                {
                    "description": null, 
                    "domainnode_id": "4bf90614-fadb-11e6-ae57-6c4008b05c4c", 
                    "edgeid": "e64b1c0c-fadb-11e6-998b-6c4008b05c4c", 
                    "graph_id": "d8fd2b0f-fad8-11e6-8ebc-6c4008b05c4c", 
                    "name": null, 
                    "ontologyproperty": "http://www.cidoc-crm.org/cidoc-crm/P140i_was_attributed_by", 
                    "rangenode_id": "e64b1a2b-fadb-11e6-9a55-6c4008b05c4c"
                }
            ], 
            "forms": [], 
            "forms_x_cards": [], 
            "functions_x_graphs": [], 
            "graphid": "d8fd2b0f-fad8-11e6-8ebc-6c4008b05c4c", 
            "iconclass": "", 
            "isactive": true, 
            "isresource": false, 
            "mapfeaturecolor": "#FF0000", 
            "maplinewidth": 1, 
            "mappointsize": 3, 
            "name": "Settings System Defaults", 
            "nodegroups": [
                {
                    "cardinality": "1", 
                    "legacygroupid": null, 
                    "nodegroupid": "f8dcf242-fada-11e6-b852-6c4008b05c4c", 
                    "parentnodegroup_id": "d8fd2851-fad8-11e6-85d8-6c4008b05c4c"
                }, 
                {
                    "cardinality": "1", 
                    "legacygroupid": null, 
                    "nodegroupid": "4bf90614-fadb-11e6-ae57-6c4008b05c4c", 
                    "parentnodegroup_id": "d8fd2851-fad8-11e6-85d8-6c4008b05c4c"
                }, 
                {
                    "cardinality": "1", 
                    "legacygroupid": null, 
                    "nodegroupid": "d8fd2851-fad8-11e6-85d8-6c4008b05c4c", 
                    "parentnodegroup_id": null
                }, 
                {
                    "cardinality": "1", 
                    "legacygroupid": null, 
                    "nodegroupid": "e0a24d11-fada-11e6-b148-6c4008b05c4c", 
                    "parentnodegroup_id": "d8fd2851-fad8-11e6-85d8-6c4008b05c4c"
                }
            ], 
            "nodes": [
                {
                    "config": null, 
                    "datatype": "semantic", 
                    "description": "", 
                    "graph_id": "d8fd2b0f-fad8-11e6-8ebc-6c4008b05c4c", 
                    "is_collector": true, 
                    "istopnode": true, 
                    "name": "System Settings", 
                    "nodegroup_id": "d8fd2851-fad8-11e6-85d8-6c4008b05c4c", 
                    "nodeid": "d8fd2851-fad8-11e6-85d8-6c4008b05c4c", 
                    "ontologyclass": "http://www.cidoc-crm.org/cidoc-crm/E13_Attribute_Assignment", 
                    "parentproperty": ""
                }, 
                {
                    "config": null, 
                    "datatype": "semantic", 
                    "description": "Represents a single node in a graph", 
                    "graph_id": "d8fd2b0f-fad8-11e6-8ebc-6c4008b05c4c", 
                    "is_collector": true, 
                    "istopnode": false, 
                    "name": "Analytics", 
                    "nodegroup_id": "f8dcf242-fada-11e6-b852-6c4008b05c4c", 
                    "nodeid": "f8dcf242-fada-11e6-b852-6c4008b05c4c", 
                    "ontologyclass": "http://www.cidoc-crm.org/cidoc-crm/E13_Attribute_Assignment", 
                    "parentproperty": "http://www.cidoc-crm.org/cidoc-crm/P140i_was_attributed_by"
                }, 
                {
                    "config": null, 
                    "datatype": "string", 
                    "description": "Represents a single node in a graph", 
                    "graph_id": "d8fd2b0f-fad8-11e6-8ebc-6c4008b05c4c", 
                    "is_collector": false, 
                    "istopnode": false, 
                    "name": "SPARQL Provider", 
                    "nodegroup_id": "4bf90614-fadb-11e6-ae57-6c4008b05c4c", 
                    "nodeid": "e64b1a2b-fadb-11e6-9a55-6c4008b05c4c", 
                    "ontologyclass": "http://www.cidoc-crm.org/cidoc-crm/E13_Attribute_Assignment", 
                    "parentproperty": "http://www.cidoc-crm.org/cidoc-crm/P140i_was_attributed_by"
                }, 
                {
                    "config": null, 
                    "datatype": "semantic", 
                    "description": "Represents a single node in a graph", 
                    "graph_id": "d8fd2b0f-fad8-11e6-8ebc-6c4008b05c4c", 
                    "is_collector": true, 
                    "istopnode": false, 
                    "name": "SPARQL Providers", 
                    "nodegroup_id": "4bf90614-fadb-11e6-ae57-6c4008b05c4c", 
                    "nodeid": "4bf90614-fadb-11e6-ae57-6c4008b05c4c", 
                    "ontologyclass": "http://www.cidoc-crm.org/cidoc-crm/E13_Attribute_Assignment", 
                    "parentproperty": "http://www.cidoc-crm.org/cidoc-crm/P140i_was_attributed_by"
                }, 
                {
                    "config": null, 
                    "datatype": "semantic", 
                    "description": "Represents a single node in a graph", 
                    "graph_id": "d8fd2b0f-fad8-11e6-8ebc-6c4008b05c4c", 
                    "is_collector": true, 
                    "istopnode": false, 
                    "name": "AppNames", 
                    "nodegroup_id": "e0a24d11-fada-11e6-b148-6c4008b05c4c", 
                    "nodeid": "e0a24d11-fada-11e6-b148-6c4008b05c4c", 
                    "ontologyclass": "http://www.cidoc-crm.org/cidoc-crm/E13_Attribute_Assignment", 
                    "parentproperty": "http://www.cidoc-crm.org/cidoc-crm/P140i_was_attributed_by"
                }, 
                {
                    "config": null, 
                    "datatype": "string", 
                    "description": "Represents a single node in a graph", 
                    "graph_id": "d8fd2b0f-fad8-11e6-8ebc-6c4008b05c4c", 
                    "is_collector": false, 
                    "istopnode": false, 
                    "name": "GoogleAnalyticsKey", 
                    "nodegroup_id": "f8dcf242-fada-11e6-b852-6c4008b05c4c", 
                    "nodeid": "105ae8b5-fadb-11e6-98ed-6c4008b05c4c", 
                    "ontologyclass": "http://www.cidoc-crm.org/cidoc-crm/E13_Attribute_Assignment", 
                    "parentproperty": "http://www.cidoc-crm.org/cidoc-crm/P140i_was_attributed_by"
                }, 
                {
                    "config": null, 
                    "datatype": "string", 
                    "description": "Represents a single node in a graph", 
                    "graph_id": "d8fd2b0f-fad8-11e6-8ebc-6c4008b05c4c", 
                    "is_collector": false, 
                    "istopnode": false, 
                    "name": "Application Name", 
                    "nodegroup_id": "e0a24d11-fada-11e6-b148-6c4008b05c4c", 
                    "nodeid": "b1ea070a-fadb-11e6-82b7-6c4008b05c4c", 
                    "ontologyclass": "http://www.cidoc-crm.org/cidoc-crm/E13_Attribute_Assignment", 
                    "parentproperty": "http://www.cidoc-crm.org/cidoc-crm/P140i_was_attributed_by"
                }, 
                {
                    "config": null, 
                    "datatype": "string", 
                    "description": "Represents a single node in a graph", 
                    "graph_id": "d8fd2b0f-fad8-11e6-8ebc-6c4008b05c4c", 
                    "is_collector": false, 
                    "istopnode": false, 
                    "name": "ETL Name", 
                    "nodegroup_id": "e0a24d11-fada-11e6-b148-6c4008b05c4c", 
                    "nodeid": "c293e87a-fadb-11e6-9ee3-6c4008b05c4c", 
                    "ontologyclass": "http://www.cidoc-crm.org/cidoc-crm/E13_Attribute_Assignment", 
                    "parentproperty": "http://www.cidoc-crm.org/cidoc-crm/P140i_was_attributed_by"
                }
            ], 
            "ontology_id": "e6e8db47-2ccf-11e6-927e-b8f6b115d7dd", 
            "relatable_resource_model_ids": [], 
            "reports": [], 
            "resource_2_resource_constraints": [], 
            "root": {
                "config": null, 
                "datatype": "semantic", 
                "description": "", 
                "graph_id": "d8fd2b0f-fad8-11e6-8ebc-6c4008b05c4c", 
                "is_collector": true, 
                "istopnode": true, 
                "name": "System Settings", 
                "nodegroup_id": "d8fd2851-fad8-11e6-85d8-6c4008b05c4c", 
                "nodeid": "d8fd2851-fad8-11e6-85d8-6c4008b05c4c", 
                "ontologyclass": "http://www.cidoc-crm.org/cidoc-crm/E13_Attribute_Assignment", 
                "parentproperty": ""
            }, 
            "subtitle": "Configuration for Application Settings", 
            "version": ""
        }
    ], 
    "metadata": {
        "db": "PostgreSQL 9.6.2 on x86_64-apple-darwin, compiled by i686-apple-darwin11-llvm-gcc-4.2 (GCC) 4.2.1 (Based on Apple Inc. build 5658) (LLVM build 2336.11.00), 64-bit", 
        "git hash": "2e09b73e 2017-05-01 11:03:42 -0700", 
        "os": "Darwin", 
        "os version": "16.5.0"
    }
}