{
    "graph": [
        {
            "author": "GCI", 
            "cards": [
                {
                    "active": true, 
                    "cardid": "4ff978bb-9bd4-11e6-84a5-026d961c39e6", 
                    "description": "Defines time span for which the Information Resource is relevant.\nApplies to: Information Resource", 
                    "graph_id": "76c90e2f-957e-11e6-b664-024f9e178154", 
                    "helpenabled": false, 
                    "helptext": null, 
                    "helptitle": null, 
                    "instructions": "Describe the temporal coverage of the information resource's subject. ", 
                    "name": "Temporal Coverage", 
                    "nodegroup_id": "76c90e2e-957e-11e6-b664-024f9e178154", 
                    "sortorder": null, 
                    "visible": true
                }
            ], 
            "cards_x_nodes_x_widgets": [
                {
                    "card_id": "4ff978bb-9bd4-11e6-84a5-026d961c39e6", 
                    "config": "{\"placeholder\":\"Briefly describe the temporal coverage\",\"options\":[],\"label\":\"Temporal Coverage\",\"width\":\"100%\"}", 
                    "id": "4e95432e-b8f5-11e6-84a5-026d961c88e6", 
                    "label": "Temporal Coverage", 
                    "node_id": "503319ad-957f-11e6-b664-024f9e178154", 
                    "sortorder": 0, 
                    "widget_id": "10000000-0000-0000-0000-000000000005"
                }
            ], 
            "deploymentdate": null, 
            "deploymentfile": null, 
            "description": "Defines time span for which the Information Resource is relevant.\nApplies to: Information Resource", 
            "edges": [
                {
                    "description": null, 
                    "domainnode_id": "76c90e2e-957e-11e6-b664-024f9e178154", 
                    "edgeid": "503319ae-957f-11e6-b664-024f9e178154", 
                    "graph_id": "76c90e2f-957e-11e6-b664-024f9e178154", 
                    "name": null, 
                    "ontologyproperty": "http://www.cidoc-crm.org/cidoc-crm/P4_has_time-span", 
                    "rangenode_id": "503319ad-957f-11e6-b664-024f9e178154"
                }
            ], 
            "forms": [], 
            "forms_x_cards": [], 
            "functions": [], 
            "graphid": "76c90e2f-957e-11e6-b664-024f9e178154", 
            "iconclass": "fa fa-paper-plane-o", 
            "isactive": true, 
            "isresource": false, 
            "mapfeaturecolor": null, 
            "maplinewidth": null, 
            "mappointsize": null, 
            "name": "Temporal Coverage", 
            "nodegroups": [
                {
                    "cardinality": "1", 
                    "legacygroupid": null, 
                    "nodegroupid": "76c90e2e-957e-11e6-b664-024f9e178154", 
                    "parentnodegroup_id": null
                }
            ], 
            "nodes": [
                {
                    "config": null, 
                    "datatype": "semantic", 
                    "description": "", 
                    "graph_id": "76c90e2f-957e-11e6-b664-024f9e178154", 
                    "is_collector": true, 
                    "istopnode": true, 
                    "name": "Temporal Coverage", 
                    "nodegroup_id": "76c90e2e-957e-11e6-b664-024f9e178154", 
                    "nodeid": "76c90e2e-957e-11e6-b664-024f9e178154", 
                    "ontologyclass": "http://www.cidoc-crm.org/cidoc-crm/E4_Period", 
                    "parentproperty": ""
                }, 
                {
                    "config": null, 
                    "datatype": "string", 
                    "description": "Represents a single node in a graph", 
                    "graph_id": "76c90e2f-957e-11e6-b664-024f9e178154", 
                    "is_collector": false, 
                    "istopnode": false, 
                    "name": "Temporal Coverage Timespan", 
                    "nodegroup_id": "76c90e2e-957e-11e6-b664-024f9e178154", 
                    "nodeid": "503319ad-957f-11e6-b664-024f9e178154", 
                    "ontologyclass": "http://www.cidoc-crm.org/cidoc-crm/E52_Time-Span", 
                    "parentproperty": "http://www.cidoc-crm.org/cidoc-crm/P4_has_time-span"
                }
            ], 
            "ontology_id": "e6e8db47-2ccf-11e6-927e-b8f6b115d7dd", 
            "reports": [], 
            "root": {
                "config": null, 
                "datatype": "semantic", 
                "description": "", 
                "graph_id": "76c90e2f-957e-11e6-b664-024f9e178154", 
                "is_collector": true, 
                "istopnode": true, 
                "name": "Temporal Coverage", 
                "nodegroup_id": "76c90e2e-957e-11e6-b664-024f9e178154", 
                "nodeid": "76c90e2e-957e-11e6-b664-024f9e178154", 
                "ontologyclass": "http://www.cidoc-crm.org/cidoc-crm/E4_Period", 
                "parentproperty": ""
            }, 
            "subtitle": "Defines time span for which the Information Resource is relevant", 
            "version": ""
        }
    ], 
    "metadata": {
        "db": "PostgreSQL 9.6.0 on x86_64-pc-linux-gnu, compiled by gcc (Ubuntu 5.3.1-14ubuntu2) 5.3.1 20160413, 64-bit", 
        "git hash": "ff93bd9 2017-01-24 10:17:51 -0800", 
        "os": "Linux", 
        "os version": "4.4.0-45-generic"
    }
}