{
    "graph": [
        {
            "author": "GCI ", 
            "cards": [
                {
                    "active": true, 
                    "cardid": "fe35093b-97d3-11e6-84a5-026d961c88e6", 
                    "description": "Describes the title of an Information Resource.", 
                    "graph_id": "fe350939-97d3-11e6-84a5-026d961c88e6", 
                    "helpenabled": false, 
                    "helptext": null, 
                    "helptitle": null, 
                    "instructions": "Enter the information resource's title and the type of that title. ", 
                    "name": "Title", 
                    "nodegroup_id": "fe350938-97d3-11e6-84a5-026d961c88e6", 
                    "sortorder": null, 
                    "visible": true
                }
            ], 
            "cards_x_nodes_x_widgets": [
                {
                    "card_id": "fe35093b-97d3-11e6-84a5-026d961c88e6", 
                    "config": "{\"placeholder\":\"Select type\",\"options\":[{\"conceptid\":\"b4f8da51-9611-4191-b302-a8deb8cf7bbf\",\"text\":\"Alternative\",\"id\":\"29a6442f-7a31-4b20-b74e-a80828582e41\",\"sortorder\":\"\",\"collector\":\"\",\"children\":[]},{\"conceptid\":\"7cf094a2-e699-4a25-8880-71a6d28fdc54\",\"text\":\"Primary\",\"id\":\"78e71e70-8009-40e2-a078-9a2ebf7a0e6f\",\"sortorder\":\"\",\"collector\":\"\",\"children\":[]}],\"label\":\"Title Type\"}", 
                    "id": "af6aa5af-b8f5-11e6-84a5-026d961c88e6", 
                    "label": "Title Type", 
                    "node_id": "8b2f6b77-97d4-11e6-84a5-026d961c88e6", 
                    "sortorder": 1, 
                    "widget_id": "10000000-0000-0000-0000-000000000002"
                }, 
                {
                    "card_id": "fe35093b-97d3-11e6-84a5-026d961c88e6", 
                    "config": "{\"width\":\"100%\",\"placeholder\":\"Enter title\",\"label\":\"Title\"}", 
                    "id": "af6aa5ae-b8f5-11e6-84a5-026d961c88e6", 
                    "label": "Title", 
                    "node_id": "fe350938-97d3-11e6-84a5-026d961c88e6", 
                    "sortorder": 0, 
                    "widget_id": "10000000-0000-0000-0000-000000000001"
                }
            ], 
            "deploymentdate": null, 
            "deploymentfile": null, 
            "description": "Describes the title of an Information Resource.", 
            "edges": [
                {
                    "description": null, 
                    "domainnode_id": "fe350938-97d3-11e6-84a5-026d961c88e6", 
                    "edgeid": "8b2f6b78-97d4-11e6-84a5-026d961c88e6", 
                    "graph_id": "fe350939-97d3-11e6-84a5-026d961c88e6", 
                    "name": null, 
                    "ontologyproperty": "http://www.cidoc-crm.org/cidoc-crm/P2_has_type", 
                    "rangenode_id": "8b2f6b77-97d4-11e6-84a5-026d961c88e6"
                }
            ], 
            "forms": [], 
            "forms_x_cards": [], 
            "functions": [], 
            "graphid": "fe350939-97d3-11e6-84a5-026d961c88e6", 
            "iconclass": "fa fa-font", 
            "isactive": true, 
            "isresource": false, 
            "mapfeaturecolor": "rgba(255,0.0,0.0,1.0)", 
            "maplinewidth": 1, 
            "mappointsize": 4, 
            "name": "Title", 
            "nodegroups": [
                {
                    "cardinality": "n", 
                    "legacygroupid": null, 
                    "nodegroupid": "fe350938-97d3-11e6-84a5-026d961c88e6", 
                    "parentnodegroup_id": null
                }
            ], 
            "nodes": [
                {
                    "config": null, 
                    "datatype": "string", 
                    "description": "", 
                    "graph_id": "fe350939-97d3-11e6-84a5-026d961c88e6", 
                    "is_collector": true, 
                    "istopnode": true, 
                    "name": "Title", 
                    "nodegroup_id": "fe350938-97d3-11e6-84a5-026d961c88e6", 
                    "nodeid": "fe350938-97d3-11e6-84a5-026d961c88e6", 
                    "ontologyclass": "http://www.cidoc-crm.org/cidoc-crm/E41_Appellation", 
                    "parentproperty": ""
                }, 
                {
                    "config": {
                        "rdmCollection": "a6998a7d-c618-4a49-8018-f8dcbc6b202d"
                    }, 
                    "datatype": "concept", 
                    "description": "Represents a single node in a graph", 
                    "graph_id": "fe350939-97d3-11e6-84a5-026d961c88e6", 
                    "is_collector": false, 
                    "istopnode": false, 
                    "name": "Title Type", 
                    "nodegroup_id": "fe350938-97d3-11e6-84a5-026d961c88e6", 
                    "nodeid": "8b2f6b77-97d4-11e6-84a5-026d961c88e6", 
                    "ontologyclass": "http://www.cidoc-crm.org/cidoc-crm/E55_Type", 
                    "parentproperty": "http://www.cidoc-crm.org/cidoc-crm/P2_has_type"
                }
            ], 
            "ontology_id": "e6e8db47-2ccf-11e6-927e-b8f6b115d7dd", 
            "reports": [], 
            "root": {
                "config": null, 
                "datatype": "string", 
                "description": "", 
                "graph_id": "fe350939-97d3-11e6-84a5-026d961c88e6", 
                "is_collector": true, 
                "istopnode": true, 
                "name": "Title", 
                "nodegroup_id": "fe350938-97d3-11e6-84a5-026d961c88e6", 
                "nodeid": "fe350938-97d3-11e6-84a5-026d961c88e6", 
                "ontologyclass": "http://www.cidoc-crm.org/cidoc-crm/E41_Appellation", 
                "parentproperty": ""
            }, 
            "subtitle": "Describes the title of an Information Resource.", 
            "version": ""
        }
    ], 
    "metadata": {
        "db": "PostgreSQL 9.6.0 on x86_64-pc-linux-gnu, compiled by gcc (Ubuntu 5.3.1-14ubuntu2) 5.3.1 20160413, 64-bit", 
        "git hash": "ff93bd9 2017-01-24 10:17:51 -0800", 
        "os": "Linux", 
        "os version": "4.4.0-45-generic"
    }
}