{
    "graph": [
        {
            "author": " GCI", 
            "cards": [
                {
                    "active": true, 
                    "cardid": "be9d6e26-e742-11e6-84a6-026d961c88e6", 
                    "description": "For Actor resources: Describes the former and current residences of an Actor resource. Relates to Actor E39 with P74 \nFor Activity and Historic Event: Describes the location of where an activity or historic event took place. Relates to Activity E7 with P7. Relates to Historical Event E5 with P7\n", 
                    "graph_id": "ccbd1537-ac5e-11e6-84a5-026d961c88e6", 
                    "helpenabled": false, 
                    "helptext": null, 
                    "helptitle": null, 
                    "instructions": null, 
                    "is_editable": true, 
                    "name": "Place 2", 
                    "nodegroup_id": "be9d6e24-e742-11e6-84a6-026d961c88e6", 
                    "sortorder": null, 
                    "visible": true
                }, 
                {
                    "active": true, 
                    "cardid": "3abb05c7-e743-11e6-84a6-026d961c88e6", 
                    "description": "Generic branch for capturing free-form written descriptive information.\nIntended to be evolution from v3 description branch from HIP 3. Created semantic description node with description string and description type hanging off of it. Description (semantic node) becomes a grouping node (type and string).  \n\nThis branch meets technical business rules for CRM compliance but CRM experts have said that this is an inappropriate implementation of E62.\n\nConnects to all resources with P140i", 
                    "graph_id": "ccbd1537-ac5e-11e6-84a5-026d961c88e6", 
                    "helpenabled": false, 
                    "helptext": null, 
                    "helptitle": null, 
                    "instructions": "Enter a description and description type for the resource.", 
                    "is_editable": true, 
                    "name": "Description", 
                    "nodegroup_id": "3abb05c5-e743-11e6-84a6-026d961c88e6", 
                    "sortorder": null, 
                    "visible": true
                }, 
                {
                    "active": true, 
                    "cardid": "e1c9d579-e742-11e6-84a6-026d961c88e6", 
                    "description": "An informative word used for resource information retrieval that indicates the content of a resource.\n\nRelates to resources via P2.", 
                    "graph_id": "ccbd1537-ac5e-11e6-84a5-026d961c88e6", 
                    "helpenabled": false, 
                    "helptext": null, 
                    "helptitle": null, 
                    "instructions": "Select keywords associated with the resource.", 
                    "is_editable": true, 
                    "name": "Keyword", 
                    "nodegroup_id": "e1c9d577-e742-11e6-84a6-026d961c88e6", 
                    "sortorder": null, 
                    "visible": true
                }, 
                {
                    "active": true, 
                    "cardid": "5f6460fd-e743-11e6-84a6-026d961c88e6", 
                    "description": "Phase Type Assignment for the Actor resource model.\n\nConnects to Actor E39 via P41i", 
                    "graph_id": "ccbd1537-ac5e-11e6-84a5-026d961c88e6", 
                    "helpenabled": false, 
                    "helptext": null, 
                    "helptitle": null, 
                    "instructions": "Define one Actor Type, n cultural periods, and (optionally) one from/to date range. Additional Actor Types or date ranges requires additional entries", 
                    "is_editable": true, 
                    "name": "Actor Phase", 
                    "nodegroup_id": "5f6460fb-e743-11e6-84a6-026d961c88e6", 
                    "sortorder": null, 
                    "visible": true
                }, 
                {
                    "active": true, 
                    "cardid": "4eb5c5b7-e743-11e6-84a6-026d961c88e6", 
                    "description": "Start/End dates for resources.  Assumed to be typed and within calendar time. \n\nConnects to Activity (E7) and Historical Event (E5) resource models via P114\nConnects to Heritage Resource (E18) and Heritage Resource Group (E27) resource models via P12i\nConnects to Actor (E39) resource model via P11i", 
                    "graph_id": "ccbd1537-ac5e-11e6-84a5-026d961c88e6", 
                    "helpenabled": false, 
                    "helptext": null, 
                    "helptitle": null, 
                    "instructions": "Record the start and end dates of the resource's existence.", 
                    "is_editable": true, 
                    "name": "Existence", 
                    "nodegroup_id": "4eb5c5b5-e743-11e6-84a6-026d961c88e6", 
                    "sortorder": null, 
                    "visible": true
                }, 
                {
                    "active": true, 
                    "cardid": "eb6ccd25-e742-11e6-84a6-026d961c88e6", 
                    "description": "Describes an appellation assigned to an Actor Resource.\n\nRelates to resource model via P131", 
                    "graph_id": "ccbd1537-ac5e-11e6-84a5-026d961c88e6", 
                    "helpenabled": false, 
                    "helptext": null, 
                    "helptitle": null, 
                    "instructions": "Enter the Actor name and respective name type.", 
                    "is_editable": true, 
                    "name": "Appellation", 
                    "nodegroup_id": "eb6ccd23-e742-11e6-84a6-026d961c88e6", 
                    "sortorder": null, 
                    "visible": true
                }, 
                {
                    "active": true, 
                    "cardid": "be9d6e23-e742-11e6-84a6-026d961c88e6", 
                    "description": "Represents a single node in a graph", 
                    "graph_id": "ccbd1537-ac5e-11e6-84a5-026d961c88e6", 
                    "helpenabled": false, 
                    "helptext": null, 
                    "helptitle": null, 
                    "instructions": "Select the administrative/governmental subdivision name and type.", 
                    "is_editable": true, 
                    "name": "Administration Subdivision", 
                    "nodegroup_id": "be9d6e21-e742-11e6-84a6-026d961c88e6", 
                    "sortorder": 2, 
                    "visible": true
                }, 
                {
                    "active": true, 
                    "cardid": "be9d6e1a-e742-11e6-84a6-026d961c88e6", 
                    "description": "Represents a single node in a graph", 
                    "graph_id": "ccbd1537-ac5e-11e6-84a5-026d961c88e6", 
                    "helpenabled": false, 
                    "helptext": null, 
                    "helptitle": null, 
                    "instructions": "Describe the location of the resource.", 
                    "is_editable": true, 
                    "name": "Description Location", 
                    "nodegroup_id": "be9d6e18-e742-11e6-84a6-026d961c88e6", 
                    "sortorder": 3, 
                    "visible": true
                }, 
                {
                    "active": true, 
                    "cardid": "be9d6e17-e742-11e6-84a6-026d961c88e6", 
                    "description": "Represents a single node in a graph", 
                    "graph_id": "ccbd1537-ac5e-11e6-84a5-026d961c88e6", 
                    "helpenabled": false, 
                    "helptext": null, 
                    "helptitle": null, 
                    "instructions": "Enter the address of the location.", 
                    "is_editable": true, 
                    "name": "Address", 
                    "nodegroup_id": "be9d6e15-e742-11e6-84a6-026d961c88e6", 
                    "sortorder": 1, 
                    "visible": true
                }, 
                {
                    "active": true, 
                    "cardid": "be9d6e1d-e742-11e6-84a6-026d961c88e6", 
                    "description": "Represents a single node in a graph", 
                    "graph_id": "ccbd1537-ac5e-11e6-84a5-026d961c88e6", 
                    "helpenabled": false, 
                    "helptext": null, 
                    "helptitle": null, 
                    "instructions": "Define the spatial location.", 
                    "is_editable": true, 
                    "name": "Spatial Location", 
                    "nodegroup_id": "be9d6e1b-e742-11e6-84a6-026d961c88e6", 
                    "sortorder": 0, 
                    "visible": true
                }, 
                {
                    "active": true, 
                    "cardid": "235685a5-e743-11e6-84a6-026d961c88e6", 
                    "description": "Used to hold identifiers necessary to link a given resource to records in an external (perhaps legacy) system.", 
                    "graph_id": "ccbd1537-ac5e-11e6-84a5-026d961c88e6", 
                    "helpenabled": false, 
                    "helptext": null, 
                    "helptitle": null, 
                    "instructions": "Enter information for identifiers of the resource from other external sources.", 
                    "is_editable": true, 
                    "name": "External Identifier", 
                    "nodegroup_id": "235685a3-e743-11e6-84a6-026d961c88e6", 
                    "sortorder": null, 
                    "visible": true
                }, 
                {
                    "active": true, 
                    "cardid": "be9d6e20-e742-11e6-84a6-026d961c88e6", 
                    "description": "Represents a single node in a graph", 
                    "graph_id": "ccbd1537-ac5e-11e6-84a5-026d961c88e6", 
                    "helpenabled": false, 
                    "helptext": null, 
                    "helptitle": null, 
                    "instructions": "Enter the cadastral reference number.", 
                    "is_editable": true, 
                    "name": "Cadastral Reference", 
                    "nodegroup_id": "be9d6e1e-e742-11e6-84a6-026d961c88e6", 
                    "sortorder": 4, 
                    "visible": true
                }
            ], 
            "cards_x_nodes_x_widgets": [], 
            "color": "rgba(57,168,88,1)", 
            "deploymentdate": null, 
            "deploymentfile": null, 
            "description": "This resource model describes actor resources such as individual people and groups of people. ", 
            "edges": [
                {
                    "description": null, 
                    "domainnode_id": "be9d6e18-e742-11e6-84a6-026d961c88e6", 
                    "edgeid": "be9d6e2e-e742-11e6-84a6-026d961c88e6", 
                    "graph_id": "ccbd1537-ac5e-11e6-84a5-026d961c88e6", 
                    "name": null, 
                    "ontologyproperty": "http://www.cidoc-crm.org/cidoc-crm/P3_has_note", 
                    "rangenode_id": "be9d6e2a-e742-11e6-84a6-026d961c88e6"
                }, 
                {
                    "description": null, 
                    "domainnode_id": "ccbd1536-ac5e-11e6-84a5-026d961c88e6", 
                    "edgeid": "e1c9d57b-e742-11e6-84a6-026d961c88e6", 
                    "graph_id": "ccbd1537-ac5e-11e6-84a5-026d961c88e6", 
                    "name": null, 
                    "ontologyproperty": "http://www.cidoc-crm.org/cidoc-crm/P2_has_type", 
                    "rangenode_id": "e1c9d577-e742-11e6-84a6-026d961c88e6"
                }, 
                {
                    "description": null, 
                    "domainnode_id": "3abb05c5-e743-11e6-84a6-026d961c88e6", 
                    "edgeid": "3abb05cc-e743-11e6-84a6-026d961c88e6", 
                    "graph_id": "ccbd1537-ac5e-11e6-84a5-026d961c88e6", 
                    "name": null, 
                    "ontologyproperty": "http://www.cidoc-crm.org/cidoc-crm/P2_has_type", 
                    "rangenode_id": "3abb05c9-e743-11e6-84a6-026d961c88e6"
                }, 
                {
                    "description": null, 
                    "domainnode_id": "4eb5c5b5-e743-11e6-84a6-026d961c88e6", 
                    "edgeid": "4eb5c5cb-e743-11e6-84a6-026d961c88e6", 
                    "graph_id": "ccbd1537-ac5e-11e6-84a5-026d961c88e6", 
                    "name": null, 
                    "ontologyproperty": "http://www.cidoc-crm.org/cidoc-crm/P116i_is_started_by", 
                    "rangenode_id": "4eb5c5be-e743-11e6-84a6-026d961c88e6"
                }, 
                {
                    "description": null, 
                    "domainnode_id": "be9d6e24-e742-11e6-84a6-026d961c88e6", 
                    "edgeid": "be9d6e2c-e742-11e6-84a6-026d961c88e6", 
                    "graph_id": "ccbd1537-ac5e-11e6-84a5-026d961c88e6", 
                    "name": null, 
                    "ontologyproperty": "http://www.cidoc-crm.org/cidoc-crm/P87_is_identified_by", 
                    "rangenode_id": "be9d6e15-e742-11e6-84a6-026d961c88e6"
                }, 
                {
                    "description": null, 
                    "domainnode_id": "be9d6e21-e742-11e6-84a6-026d961c88e6", 
                    "edgeid": "be9d6e32-e742-11e6-84a6-026d961c88e6", 
                    "graph_id": "ccbd1537-ac5e-11e6-84a5-026d961c88e6", 
                    "name": null, 
                    "ontologyproperty": "http://www.cidoc-crm.org/cidoc-crm/P2_has_type", 
                    "rangenode_id": "be9d6e29-e742-11e6-84a6-026d961c88e6"
                }, 
                {
                    "description": null, 
                    "domainnode_id": "4eb5c5b9-e743-11e6-84a6-026d961c88e6", 
                    "edgeid": "4eb5c5c4-e743-11e6-84a6-026d961c88e6", 
                    "graph_id": "ccbd1537-ac5e-11e6-84a5-026d961c88e6", 
                    "name": null, 
                    "ontologyproperty": "http://www.cidoc-crm.org/cidoc-crm/P78_is_identified_by", 
                    "rangenode_id": "4eb5c5bb-e743-11e6-84a6-026d961c88e6"
                }, 
                {
                    "description": null, 
                    "domainnode_id": "4eb5c5be-e743-11e6-84a6-026d961c88e6", 
                    "edgeid": "4eb5c5c5-e743-11e6-84a6-026d961c88e6", 
                    "graph_id": "ccbd1537-ac5e-11e6-84a5-026d961c88e6", 
                    "name": null, 
                    "ontologyproperty": "http://www.cidoc-crm.org/cidoc-crm/P4_has_time-span", 
                    "rangenode_id": "4eb5c5b9-e743-11e6-84a6-026d961c88e6"
                }, 
                {
                    "description": null, 
                    "domainnode_id": "4eb5c5be-e743-11e6-84a6-026d961c88e6", 
                    "edgeid": "4eb5c5c9-e743-11e6-84a6-026d961c88e6", 
                    "graph_id": "ccbd1537-ac5e-11e6-84a5-026d961c88e6", 
                    "name": null, 
                    "ontologyproperty": "http://www.cidoc-crm.org/cidoc-crm/P2_has_type", 
                    "rangenode_id": "4eb5c5bc-e743-11e6-84a6-026d961c88e6"
                }, 
                {
                    "description": null, 
                    "domainnode_id": "5f646102-e743-11e6-84a6-026d961c88e6", 
                    "edgeid": "5f646107-e743-11e6-84a6-026d961c88e6", 
                    "graph_id": "ccbd1537-ac5e-11e6-84a5-026d961c88e6", 
                    "name": null, 
                    "ontologyproperty": "http://www.cidoc-crm.org/cidoc-crm/P78_is_identified_by", 
                    "rangenode_id": "5f6460ff-e743-11e6-84a6-026d961c88e6"
                }, 
                {
                    "description": null, 
                    "domainnode_id": "5f6460fb-e743-11e6-84a6-026d961c88e6", 
                    "edgeid": "5f646109-e743-11e6-84a6-026d961c88e6", 
                    "graph_id": "ccbd1537-ac5e-11e6-84a5-026d961c88e6", 
                    "name": null, 
                    "ontologyproperty": "http://www.cidoc-crm.org/cidoc-crm/P42_assigned", 
                    "rangenode_id": "5f646100-e743-11e6-84a6-026d961c88e6"
                }, 
                {
                    "description": null, 
                    "domainnode_id": "4eb5c5b5-e743-11e6-84a6-026d961c88e6", 
                    "edgeid": "4eb5c5c8-e743-11e6-84a6-026d961c88e6", 
                    "graph_id": "ccbd1537-ac5e-11e6-84a5-026d961c88e6", 
                    "name": null, 
                    "ontologyproperty": "http://www.cidoc-crm.org/cidoc-crm/P115i_is_finished_by", 
                    "rangenode_id": "4eb5c5bd-e743-11e6-84a6-026d961c88e6"
                }, 
                {
                    "description": null, 
                    "domainnode_id": "eb6ccd23-e742-11e6-84a6-026d961c88e6", 
                    "edgeid": "eb6ccd29-e742-11e6-84a6-026d961c88e6", 
                    "graph_id": "ccbd1537-ac5e-11e6-84a5-026d961c88e6", 
                    "name": null, 
                    "ontologyproperty": "http://www.cidoc-crm.org/cidoc-crm/P2_has_type", 
                    "rangenode_id": "eb6ccd26-e742-11e6-84a6-026d961c88e6"
                }, 
                {
                    "description": null, 
                    "domainnode_id": "5f6460fb-e743-11e6-84a6-026d961c88e6", 
                    "edgeid": "5f646108-e743-11e6-84a6-026d961c88e6", 
                    "graph_id": "ccbd1537-ac5e-11e6-84a5-026d961c88e6", 
                    "name": null, 
                    "ontologyproperty": "http://www.cidoc-crm.org/cidoc-crm/P4_has_time-span", 
                    "rangenode_id": "5f646102-e743-11e6-84a6-026d961c88e6"
                }, 
                {
                    "description": null, 
                    "domainnode_id": "ccbd1536-ac5e-11e6-84a5-026d961c88e6", 
                    "edgeid": "eb6ccd2a-e742-11e6-84a6-026d961c88e6", 
                    "graph_id": "ccbd1537-ac5e-11e6-84a5-026d961c88e6", 
                    "name": null, 
                    "ontologyproperty": "http://www.cidoc-crm.org/cidoc-crm/P131_is_identified_by", 
                    "rangenode_id": "eb6ccd23-e742-11e6-84a6-026d961c88e6"
                }, 
                {
                    "description": null, 
                    "domainnode_id": "5f6460fb-e743-11e6-84a6-026d961c88e6", 
                    "edgeid": "5f64610a-e743-11e6-84a6-026d961c88e6", 
                    "graph_id": "ccbd1537-ac5e-11e6-84a5-026d961c88e6", 
                    "name": null, 
                    "ontologyproperty": "http://www.cidoc-crm.org/cidoc-crm/P42_assigned", 
                    "rangenode_id": "5f6460fe-e743-11e6-84a6-026d961c88e6"
                }, 
                {
                    "description": null, 
                    "domainnode_id": "be9d6e24-e742-11e6-84a6-026d961c88e6", 
                    "edgeid": "be9d6e30-e742-11e6-84a6-026d961c88e6", 
                    "graph_id": "ccbd1537-ac5e-11e6-84a5-026d961c88e6", 
                    "name": null, 
                    "ontologyproperty": "http://www.cidoc-crm.org/cidoc-crm/P87_is_identified_by", 
                    "rangenode_id": "be9d6e1e-e742-11e6-84a6-026d961c88e6"
                }, 
                {
                    "description": null, 
                    "domainnode_id": "4eb5c5bd-e743-11e6-84a6-026d961c88e6", 
                    "edgeid": "4eb5c5ca-e743-11e6-84a6-026d961c88e6", 
                    "graph_id": "ccbd1537-ac5e-11e6-84a5-026d961c88e6", 
                    "name": null, 
                    "ontologyproperty": "http://www.cidoc-crm.org/cidoc-crm/P2_has_type", 
                    "rangenode_id": "4eb5c5bf-e743-11e6-84a6-026d961c88e6"
                }, 
                {
                    "description": null, 
                    "domainnode_id": "be9d6e24-e742-11e6-84a6-026d961c88e6", 
                    "edgeid": "be9d6e31-e742-11e6-84a6-026d961c88e6", 
                    "graph_id": "ccbd1537-ac5e-11e6-84a5-026d961c88e6", 
                    "name": null, 
                    "ontologyproperty": "http://www.cidoc-crm.org/cidoc-crm/P87_is_identified_by", 
                    "rangenode_id": "be9d6e1b-e742-11e6-84a6-026d961c88e6"
                }, 
                {
                    "description": null, 
                    "domainnode_id": "4eb5c5bd-e743-11e6-84a6-026d961c88e6", 
                    "edgeid": "4eb5c5c7-e743-11e6-84a6-026d961c88e6", 
                    "graph_id": "ccbd1537-ac5e-11e6-84a5-026d961c88e6", 
                    "name": null, 
                    "ontologyproperty": "http://www.cidoc-crm.org/cidoc-crm/P4_has_time-span", 
                    "rangenode_id": "4eb5c5ba-e743-11e6-84a6-026d961c88e6"
                }, 
                {
                    "description": null, 
                    "domainnode_id": "235685a3-e743-11e6-84a6-026d961c88e6", 
                    "edgeid": "235685ab-e743-11e6-84a6-026d961c88e6", 
                    "graph_id": "ccbd1537-ac5e-11e6-84a5-026d961c88e6", 
                    "name": null, 
                    "ontologyproperty": "http://www.cidoc-crm.org/cidoc-crm/P2_has_type", 
                    "rangenode_id": "235685a6-e743-11e6-84a6-026d961c88e6"
                }, 
                {
                    "description": null, 
                    "domainnode_id": "ccbd1536-ac5e-11e6-84a5-026d961c88e6", 
                    "edgeid": "5f64610c-e743-11e6-84a6-026d961c88e6", 
                    "graph_id": "ccbd1537-ac5e-11e6-84a5-026d961c88e6", 
                    "name": null, 
                    "ontologyproperty": "http://www.cidoc-crm.org/cidoc-crm/P41i_was_classified_by", 
                    "rangenode_id": "5f6460fb-e743-11e6-84a6-026d961c88e6"
                }, 
                {
                    "description": null, 
                    "domainnode_id": "ccbd1536-ac5e-11e6-84a5-026d961c88e6", 
                    "edgeid": "4eb5c5cc-e743-11e6-84a6-026d961c88e6", 
                    "graph_id": "ccbd1537-ac5e-11e6-84a5-026d961c88e6", 
                    "name": null, 
                    "ontologyproperty": "http://www.cidoc-crm.org/cidoc-crm/P11i_participated_in", 
                    "rangenode_id": "4eb5c5b5-e743-11e6-84a6-026d961c88e6"
                }, 
                {
                    "description": null, 
                    "domainnode_id": "5f646102-e743-11e6-84a6-026d961c88e6", 
                    "edgeid": "5f64610b-e743-11e6-84a6-026d961c88e6", 
                    "graph_id": "ccbd1537-ac5e-11e6-84a5-026d961c88e6", 
                    "name": null, 
                    "ontologyproperty": "http://www.cidoc-crm.org/cidoc-crm/P78_is_identified_by", 
                    "rangenode_id": "5f646101-e743-11e6-84a6-026d961c88e6"
                }, 
                {
                    "description": null, 
                    "domainnode_id": "ccbd1536-ac5e-11e6-84a5-026d961c88e6", 
                    "edgeid": "235685ad-e743-11e6-84a6-026d961c88e6", 
                    "graph_id": "ccbd1537-ac5e-11e6-84a5-026d961c88e6", 
                    "name": null, 
                    "ontologyproperty": "http://www.cidoc-crm.org/cidoc-crm/P1_is_identified_by", 
                    "rangenode_id": "235685a3-e743-11e6-84a6-026d961c88e6"
                }, 
                {
                    "description": null, 
                    "domainnode_id": "be9d6e24-e742-11e6-84a6-026d961c88e6", 
                    "edgeid": "be9d6e2f-e742-11e6-84a6-026d961c88e6", 
                    "graph_id": "ccbd1537-ac5e-11e6-84a5-026d961c88e6", 
                    "name": null, 
                    "ontologyproperty": "http://www.cidoc-crm.org/cidoc-crm/P140i_was_attributed_by", 
                    "rangenode_id": "be9d6e18-e742-11e6-84a6-026d961c88e6"
                }, 
                {
                    "description": null, 
                    "domainnode_id": "ccbd1536-ac5e-11e6-84a5-026d961c88e6", 
                    "edgeid": "3abb05ce-e743-11e6-84a6-026d961c88e6", 
                    "graph_id": "ccbd1537-ac5e-11e6-84a5-026d961c88e6", 
                    "name": null, 
                    "ontologyproperty": "http://www.cidoc-crm.org/cidoc-crm/P140i_was_attributed_by", 
                    "rangenode_id": "3abb05c5-e743-11e6-84a6-026d961c88e6"
                }, 
                {
                    "description": null, 
                    "domainnode_id": "be9d6e1b-e742-11e6-84a6-026d961c88e6", 
                    "edgeid": "be9d6e2d-e742-11e6-84a6-026d961c88e6", 
                    "graph_id": "ccbd1537-ac5e-11e6-84a5-026d961c88e6", 
                    "name": null, 
                    "ontologyproperty": "http://www.cidoc-crm.org/cidoc-crm/P2_has_type", 
                    "rangenode_id": "be9d6e2b-e742-11e6-84a6-026d961c88e6"
                }, 
                {
                    "description": null, 
                    "domainnode_id": "4eb5c5ba-e743-11e6-84a6-026d961c88e6", 
                    "edgeid": "4eb5c5c6-e743-11e6-84a6-026d961c88e6", 
                    "graph_id": "ccbd1537-ac5e-11e6-84a5-026d961c88e6", 
                    "name": null, 
                    "ontologyproperty": "http://www.cidoc-crm.org/cidoc-crm/P78_is_identified_by", 
                    "rangenode_id": "4eb5c5b8-e743-11e6-84a6-026d961c88e6"
                }, 
                {
                    "description": null, 
                    "domainnode_id": "be9d6e24-e742-11e6-84a6-026d961c88e6", 
                    "edgeid": "be9d6e33-e742-11e6-84a6-026d961c88e6", 
                    "graph_id": "ccbd1537-ac5e-11e6-84a5-026d961c88e6", 
                    "name": null, 
                    "ontologyproperty": "http://www.cidoc-crm.org/cidoc-crm/P89_falls_within", 
                    "rangenode_id": "be9d6e21-e742-11e6-84a6-026d961c88e6"
                }, 
                {
                    "description": null, 
                    "domainnode_id": "be9d6e15-e742-11e6-84a6-026d961c88e6", 
                    "edgeid": "be9d6e34-e742-11e6-84a6-026d961c88e6", 
                    "graph_id": "ccbd1537-ac5e-11e6-84a5-026d961c88e6", 
                    "name": null, 
                    "ontologyproperty": "http://www.cidoc-crm.org/cidoc-crm/P2_has_type", 
                    "rangenode_id": "be9d6e27-e742-11e6-84a6-026d961c88e6"
                }, 
                {
                    "description": null, 
                    "domainnode_id": "be9d6e21-e742-11e6-84a6-026d961c88e6", 
                    "edgeid": "be9d6e35-e742-11e6-84a6-026d961c88e6", 
                    "graph_id": "ccbd1537-ac5e-11e6-84a5-026d961c88e6", 
                    "name": null, 
                    "ontologyproperty": "http://www.cidoc-crm.org/cidoc-crm/P87_is_identified_by", 
                    "rangenode_id": "be9d6e28-e742-11e6-84a6-026d961c88e6"
                }, 
                {
                    "description": null, 
                    "domainnode_id": "ccbd1536-ac5e-11e6-84a5-026d961c88e6", 
                    "edgeid": "be9d6e36-e742-11e6-84a6-026d961c88e6", 
                    "graph_id": "ccbd1537-ac5e-11e6-84a5-026d961c88e6", 
                    "name": null, 
                    "ontologyproperty": "http://www.cidoc-crm.org/cidoc-crm/P74_has_current_or_former_residence", 
                    "rangenode_id": "be9d6e24-e742-11e6-84a6-026d961c88e6"
                }, 
                {
                    "description": null, 
                    "domainnode_id": "3abb05c5-e743-11e6-84a6-026d961c88e6", 
                    "edgeid": "3abb05cd-e743-11e6-84a6-026d961c88e6", 
                    "graph_id": "ccbd1537-ac5e-11e6-84a5-026d961c88e6", 
                    "name": null, 
                    "ontologyproperty": "http://www.cidoc-crm.org/cidoc-crm/P3_has_note", 
                    "rangenode_id": "3abb05c8-e743-11e6-84a6-026d961c88e6"
                }, 
                {
                    "description": null, 
                    "domainnode_id": "235685a3-e743-11e6-84a6-026d961c88e6", 
                    "edgeid": "235685ac-e743-11e6-84a6-026d961c88e6", 
                    "graph_id": "ccbd1537-ac5e-11e6-84a5-026d961c88e6", 
                    "name": null, 
                    "ontologyproperty": "http://www.cidoc-crm.org/cidoc-crm/P2_has_type", 
                    "rangenode_id": "235685a7-e743-11e6-84a6-026d961c88e6"
                }
            ], 
            "forms": [
                {
                    "formid": "b94cb710-e753-11e6-84a6-026d961c88e6", 
                    "graph_id": "ccbd1537-ac5e-11e6-84a5-026d961c88e6", 
                    "iconclass": null, 
                    "sortorder": null, 
                    "subtitle": "Appellations, Start and End Dates, Descriptions, Keywords", 
                    "title": "Person/Organization Summary", 
                    "visible": true
                }, 
                {
                    "formid": "d6558198-e753-11e6-84a6-026d961c88e6", 
                    "graph_id": "ccbd1537-ac5e-11e6-84a5-026d961c88e6", 
                    "iconclass": null, 
                    "sortorder": null, 
                    "subtitle": "Current or former residence or location of a person or group", 
                    "title": "Location", 
                    "visible": true
                }, 
                {
                    "formid": "ea6af668-e753-11e6-84a6-026d961c88e6", 
                    "graph_id": "ccbd1537-ac5e-11e6-84a5-026d961c88e6", 
                    "iconclass": null, 
                    "sortorder": null, 
                    "subtitle": "Types of people or organizations and the time spans for each", 
                    "title": "Person/Organization Types", 
                    "visible": true
                }, 
                {
                    "formid": "16790254-e754-11e6-84a6-026d961c88e6", 
                    "graph_id": "ccbd1537-ac5e-11e6-84a5-026d961c88e6", 
                    "iconclass": null, 
                    "sortorder": null, 
                    "subtitle": "External reference or identifiers for the Person/Organization", 
                    "title": "External References", 
                    "visible": true
                }
            ], 
            "forms_x_cards": [
                {
                    "card_id": "eb6ccd25-e742-11e6-84a6-026d961c88e6", 
                    "form_id": "b94cb710-e753-11e6-84a6-026d961c88e6", 
                    "id": "d50ac924-e753-11e6-84a6-026d961c88e6", 
                    "sortorder": 0
                }, 
                {
                    "card_id": "4eb5c5b7-e743-11e6-84a6-026d961c88e6", 
                    "form_id": "b94cb710-e753-11e6-84a6-026d961c88e6", 
                    "id": "d50ac925-e753-11e6-84a6-026d961c88e6", 
                    "sortorder": 1
                }, 
                {
                    "card_id": "3abb05c7-e743-11e6-84a6-026d961c88e6", 
                    "form_id": "b94cb710-e753-11e6-84a6-026d961c88e6", 
                    "id": "d50ac926-e753-11e6-84a6-026d961c88e6", 
                    "sortorder": 2
                }, 
                {
                    "card_id": "e1c9d579-e742-11e6-84a6-026d961c88e6", 
                    "form_id": "b94cb710-e753-11e6-84a6-026d961c88e6", 
                    "id": "d50ac927-e753-11e6-84a6-026d961c88e6", 
                    "sortorder": 3
                }, 
                {
                    "card_id": "be9d6e26-e742-11e6-84a6-026d961c88e6", 
                    "form_id": "d6558198-e753-11e6-84a6-026d961c88e6", 
                    "id": "e86e1908-e753-11e6-84a6-026d961c88e6", 
                    "sortorder": 0
                }, 
                {
                    "card_id": "5f6460fd-e743-11e6-84a6-026d961c88e6", 
                    "form_id": "ea6af668-e753-11e6-84a6-026d961c88e6", 
                    "id": "14b7b348-e754-11e6-84a6-026d961c88e6", 
                    "sortorder": 0
                }, 
                {
                    "card_id": "235685a5-e743-11e6-84a6-026d961c88e6", 
                    "form_id": "16790254-e754-11e6-84a6-026d961c88e6", 
                    "id": "bcfcf4c8-e754-11e6-84a6-026d961c88e6", 
                    "sortorder": 0
                }
            ], 
            "functions_x_graphs": [], 
            "graphid": "ccbd1537-ac5e-11e6-84a5-026d961c88e6", 
            "iconclass": "fa fa-users", 
            "is_editable": true, 
            "isactive": true, 
            "isresource": true, 
            "name": "Actor Resource Model", 
            "nodegroups": [
                {
                    "cardinality": "1", 
                    "legacygroupid": null, 
                    "nodegroupid": "be9d6e24-e742-11e6-84a6-026d961c88e6", 
                    "parentnodegroup_id": null
                }, 
                {
                    "cardinality": "n", 
                    "legacygroupid": null, 
                    "nodegroupid": "3abb05c5-e743-11e6-84a6-026d961c88e6", 
                    "parentnodegroup_id": null
                }, 
                {
                    "cardinality": "n", 
                    "legacygroupid": null, 
                    "nodegroupid": "be9d6e15-e742-11e6-84a6-026d961c88e6", 
                    "parentnodegroup_id": "be9d6e24-e742-11e6-84a6-026d961c88e6"
                }, 
                {
                    "cardinality": "n", 
                    "legacygroupid": null, 
                    "nodegroupid": "5f6460fb-e743-11e6-84a6-026d961c88e6", 
                    "parentnodegroup_id": null
                }, 
                {
                    "cardinality": "n", 
                    "legacygroupid": null, 
                    "nodegroupid": "235685a3-e743-11e6-84a6-026d961c88e6", 
                    "parentnodegroup_id": null
                }, 
                {
                    "cardinality": "n", 
                    "legacygroupid": null, 
                    "nodegroupid": "be9d6e1e-e742-11e6-84a6-026d961c88e6", 
                    "parentnodegroup_id": "be9d6e24-e742-11e6-84a6-026d961c88e6"
                }, 
                {
                    "cardinality": "1", 
                    "legacygroupid": null, 
                    "nodegroupid": "be9d6e1b-e742-11e6-84a6-026d961c88e6", 
                    "parentnodegroup_id": "be9d6e24-e742-11e6-84a6-026d961c88e6"
                }, 
                {
                    "cardinality": "1", 
                    "legacygroupid": null, 
                    "nodegroupid": "be9d6e18-e742-11e6-84a6-026d961c88e6", 
                    "parentnodegroup_id": "be9d6e24-e742-11e6-84a6-026d961c88e6"
                }, 
                {
                    "cardinality": "n", 
                    "legacygroupid": null, 
                    "nodegroupid": "eb6ccd23-e742-11e6-84a6-026d961c88e6", 
                    "parentnodegroup_id": null
                }, 
                {
                    "cardinality": "n", 
                    "legacygroupid": null, 
                    "nodegroupid": "be9d6e21-e742-11e6-84a6-026d961c88e6", 
                    "parentnodegroup_id": "be9d6e24-e742-11e6-84a6-026d961c88e6"
                }, 
                {
                    "cardinality": "1", 
                    "legacygroupid": null, 
                    "nodegroupid": "4eb5c5b5-e743-11e6-84a6-026d961c88e6", 
                    "parentnodegroup_id": null
                }, 
                {
                    "cardinality": "n", 
                    "legacygroupid": null, 
                    "nodegroupid": "e1c9d577-e742-11e6-84a6-026d961c88e6", 
                    "parentnodegroup_id": null
                }
            ], 
            "nodes": [
                {
                    "config": {
                        "rdmCollection": null
                    }, 
                    "datatype": "concept", 
                    "description": "Represents a single node in a graph", 
                    "graph_id": "ccbd1537-ac5e-11e6-84a5-026d961c88e6", 
                    "is_collector": false, 
                    "isrequired": false, 
                    "issearchable": true, 
                    "istopnode": false, 
                    "name": "Actor Type", 
                    "nodegroup_id": "5f6460fb-e743-11e6-84a6-026d961c88e6", 
                    "nodeid": "5f6460fe-e743-11e6-84a6-026d961c88e6", 
                    "ontologyclass": "http://www.cidoc-crm.org/cidoc-crm/E55_Type", 
                    "parentproperty": "http://www.cidoc-crm.org/cidoc-crm/P42_assigned"
                }, 
                {
                    "config": null, 
                    "datatype": "date", 
                    "description": "Represents a single node in a graph", 
                    "graph_id": "ccbd1537-ac5e-11e6-84a5-026d961c88e6", 
                    "is_collector": false, 
                    "isrequired": false, 
                    "issearchable": true, 
                    "istopnode": false, 
                    "name": "End Date of Existence", 
                    "nodegroup_id": "4eb5c5b5-e743-11e6-84a6-026d961c88e6", 
                    "nodeid": "4eb5c5b8-e743-11e6-84a6-026d961c88e6", 
                    "ontologyclass": "http://www.cidoc-crm.org/cidoc-crm/E49_Time_Appellation", 
                    "parentproperty": "http://www.cidoc-crm.org/cidoc-crm/P78_is_identified_by"
                }, 
                {
                    "config": null, 
                    "datatype": "semantic", 
                    "description": "", 
                    "graph_id": "ccbd1537-ac5e-11e6-84a5-026d961c88e6", 
                    "is_collector": true, 
                    "isrequired": false, 
                    "issearchable": true, 
                    "istopnode": false, 
                    "name": "Place", 
                    "nodegroup_id": "be9d6e24-e742-11e6-84a6-026d961c88e6", 
                    "nodeid": "be9d6e24-e742-11e6-84a6-026d961c88e6", 
                    "ontologyclass": "http://www.cidoc-crm.org/cidoc-crm/E53_Place", 
                    "parentproperty": "http://www.cidoc-crm.org/cidoc-crm/P74_has_current_or_former_residence"
                }, 
                {
                    "config": null, 
                    "datatype": "semantic", 
                    "description": "Represents a single node in a graph", 
                    "graph_id": "ccbd1537-ac5e-11e6-84a5-026d961c88e6", 
                    "is_collector": false, 
                    "isrequired": false, 
                    "issearchable": true, 
                    "istopnode": false, 
                    "name": "End of Existence Time Span", 
                    "nodegroup_id": "4eb5c5b5-e743-11e6-84a6-026d961c88e6", 
                    "nodeid": "4eb5c5ba-e743-11e6-84a6-026d961c88e6", 
                    "ontologyclass": "http://www.cidoc-crm.org/cidoc-crm/E52_Time-Span", 
                    "parentproperty": "http://www.cidoc-crm.org/cidoc-crm/P4_has_time-span"
                }, 
                {
                    "config": null, 
                    "datatype": "string", 
                    "description": "Represents a single node in a graph", 
                    "graph_id": "ccbd1537-ac5e-11e6-84a5-026d961c88e6", 
                    "is_collector": false, 
                    "isrequired": false, 
                    "issearchable": true, 
                    "istopnode": false, 
                    "name": "Place Description", 
                    "nodegroup_id": "be9d6e18-e742-11e6-84a6-026d961c88e6", 
                    "nodeid": "be9d6e2a-e742-11e6-84a6-026d961c88e6", 
                    "ontologyclass": "http://www.cidoc-crm.org/cidoc-crm/E62_String", 
                    "parentproperty": "http://www.cidoc-crm.org/cidoc-crm/P3_has_note"
                }, 
                {
                    "config": {
                        "rdmCollection": null
                    }, 
                    "datatype": "concept", 
                    "description": "Represents a single node in a graph", 
                    "graph_id": "ccbd1537-ac5e-11e6-84a5-026d961c88e6", 
                    "is_collector": false, 
                    "isrequired": false, 
                    "issearchable": true, 
                    "istopnode": false, 
                    "name": "Geometry Qualifier", 
                    "nodegroup_id": "be9d6e1b-e742-11e6-84a6-026d961c88e6", 
                    "nodeid": "be9d6e2b-e742-11e6-84a6-026d961c88e6", 
                    "ontologyclass": "http://www.cidoc-crm.org/cidoc-crm/E55_Type", 
                    "parentproperty": "http://www.cidoc-crm.org/cidoc-crm/P2_has_type"
                }, 
                {
                    "config": null, 
                    "datatype": "semantic", 
                    "description": "", 
                    "graph_id": "ccbd1537-ac5e-11e6-84a5-026d961c88e6", 
                    "is_collector": true, 
                    "isrequired": false, 
                    "issearchable": true, 
                    "istopnode": false, 
                    "name": "Actor Type Phase Assignment", 
                    "nodegroup_id": "5f6460fb-e743-11e6-84a6-026d961c88e6", 
                    "nodeid": "5f6460fb-e743-11e6-84a6-026d961c88e6", 
                    "ontologyclass": "http://www.cidoc-crm.org/cidoc-crm/E17_Type_Assignment", 
                    "parentproperty": "http://www.cidoc-crm.org/cidoc-crm/P41i_was_classified_by"
                }, 
                {
                    "config": null, 
                    "datatype": "semantic", 
                    "description": "Represents a single node in a graph", 
                    "graph_id": "ccbd1537-ac5e-11e6-84a5-026d961c88e6", 
                    "is_collector": true, 
                    "isrequired": false, 
                    "issearchable": true, 
                    "istopnode": false, 
                    "name": "Place Description Assignment", 
                    "nodegroup_id": "be9d6e18-e742-11e6-84a6-026d961c88e6", 
                    "nodeid": "be9d6e18-e742-11e6-84a6-026d961c88e6", 
                    "ontologyclass": "http://www.cidoc-crm.org/cidoc-crm/E13_Attribute_Assignment", 
                    "parentproperty": "http://www.cidoc-crm.org/cidoc-crm/P140i_was_attributed_by"
                }, 
                {
                    "config": {
                        "rdmCollection": "051b5950-2c1e-49ff-af0d-dfbaa971d2fa"
                    }, 
                    "datatype": "concept", 
                    "description": "Represents a single node in a graph", 
                    "graph_id": "ccbd1537-ac5e-11e6-84a5-026d961c88e6", 
                    "is_collector": false, 
                    "isrequired": false, 
                    "issearchable": true, 
                    "istopnode": false, 
                    "name": "Appellation Type", 
                    "nodegroup_id": "eb6ccd23-e742-11e6-84a6-026d961c88e6", 
                    "nodeid": "eb6ccd26-e742-11e6-84a6-026d961c88e6", 
                    "ontologyclass": "http://www.cidoc-crm.org/cidoc-crm/E55_Type", 
                    "parentproperty": "http://www.cidoc-crm.org/cidoc-crm/P2_has_type"
                }, 
                {
                    "config": null, 
                    "datatype": "string", 
                    "description": "Represents a single node in a graph", 
                    "graph_id": "ccbd1537-ac5e-11e6-84a5-026d961c88e6", 
                    "is_collector": true, 
                    "isrequired": false, 
                    "issearchable": true, 
                    "istopnode": false, 
                    "name": "Cadastral Reference", 
                    "nodegroup_id": "be9d6e1e-e742-11e6-84a6-026d961c88e6", 
                    "nodeid": "be9d6e1e-e742-11e6-84a6-026d961c88e6", 
                    "ontologyclass": "http://www.cidoc-crm.org/cidoc-crm/E44_Place_Appellation", 
                    "parentproperty": "http://www.cidoc-crm.org/cidoc-crm/P87_is_identified_by"
                }, 
                {
                    "config": null, 
                    "datatype": "semantic", 
                    "description": "", 
                    "graph_id": "ccbd1537-ac5e-11e6-84a5-026d961c88e6", 
                    "is_collector": false, 
                    "isrequired": false, 
                    "issearchable": true, 
                    "istopnode": false, 
                    "name": "Beginning of Existence", 
                    "nodegroup_id": "4eb5c5b5-e743-11e6-84a6-026d961c88e6", 
                    "nodeid": "4eb5c5be-e743-11e6-84a6-026d961c88e6", 
                    "ontologyclass": "http://www.cidoc-crm.org/cidoc-crm/E63_Beginning_of_Existence", 
                    "parentproperty": "http://www.cidoc-crm.org/cidoc-crm/P116i_is_started_by"
                }, 
                {
                    "config": {
                        "rdmCollection": "873866bb-d7c6-46a7-94fd-8a085d8eff57"
                    }, 
                    "datatype": "concept", 
                    "description": "", 
                    "graph_id": "ccbd1537-ac5e-11e6-84a5-026d961c88e6", 
                    "is_collector": false, 
                    "isrequired": false, 
                    "issearchable": true, 
                    "istopnode": false, 
                    "name": "End Date Type", 
                    "nodegroup_id": "4eb5c5b5-e743-11e6-84a6-026d961c88e6", 
                    "nodeid": "4eb5c5bf-e743-11e6-84a6-026d961c88e6", 
                    "ontologyclass": "http://www.cidoc-crm.org/cidoc-crm/E55_Type", 
                    "parentproperty": "http://www.cidoc-crm.org/cidoc-crm/P2_has_type"
                }, 
                {
                    "config": {
                        "rdmCollection": "5dd9d81d-6501-4d3f-89f2-ebb0038d2df5"
                    }, 
                    "datatype": "concept", 
                    "description": "Represents a single node in a graph", 
                    "graph_id": "ccbd1537-ac5e-11e6-84a5-026d961c88e6", 
                    "is_collector": false, 
                    "isrequired": false, 
                    "issearchable": true, 
                    "istopnode": false, 
                    "name": "Cultural Period", 
                    "nodegroup_id": "5f6460fb-e743-11e6-84a6-026d961c88e6", 
                    "nodeid": "5f646100-e743-11e6-84a6-026d961c88e6", 
                    "ontologyclass": "http://www.cidoc-crm.org/cidoc-crm/E55_Type", 
                    "parentproperty": "http://www.cidoc-crm.org/cidoc-crm/P42_assigned"
                }, 
                {
                    "config": null, 
                    "datatype": "date", 
                    "description": "Represents a single node in a graph", 
                    "graph_id": "ccbd1537-ac5e-11e6-84a5-026d961c88e6", 
                    "is_collector": false, 
                    "isrequired": false, 
                    "issearchable": true, 
                    "istopnode": false, 
                    "name": "Actor Type To Date", 
                    "nodegroup_id": "5f6460fb-e743-11e6-84a6-026d961c88e6", 
                    "nodeid": "5f646101-e743-11e6-84a6-026d961c88e6", 
                    "ontologyclass": "http://www.cidoc-crm.org/cidoc-crm/E49_Time_Appellation", 
                    "parentproperty": "http://www.cidoc-crm.org/cidoc-crm/P78_is_identified_by"
                }, 
                {
                    "config": null, 
                    "datatype": "semantic", 
                    "description": "Represents a single node in a graph", 
                    "graph_id": "ccbd1537-ac5e-11e6-84a5-026d961c88e6", 
                    "is_collector": false, 
                    "isrequired": false, 
                    "issearchable": true, 
                    "istopnode": false, 
                    "name": "Actor Type Time Span", 
                    "nodegroup_id": "5f6460fb-e743-11e6-84a6-026d961c88e6", 
                    "nodeid": "5f646102-e743-11e6-84a6-026d961c88e6", 
                    "ontologyclass": "http://www.cidoc-crm.org/cidoc-crm/E52_Time-Span", 
                    "parentproperty": "http://www.cidoc-crm.org/cidoc-crm/P4_has_time-span"
                }, 
                {
                    "config": null, 
                    "datatype": "string", 
                    "description": "", 
                    "graph_id": "ccbd1537-ac5e-11e6-84a5-026d961c88e6", 
                    "is_collector": true, 
                    "isrequired": false, 
                    "issearchable": true, 
                    "istopnode": false, 
                    "name": "External XRef", 
                    "nodegroup_id": "235685a3-e743-11e6-84a6-026d961c88e6", 
                    "nodeid": "235685a3-e743-11e6-84a6-026d961c88e6", 
                    "ontologyclass": "http://www.cidoc-crm.org/cidoc-crm/E42_Identifier", 
                    "parentproperty": "http://www.cidoc-crm.org/cidoc-crm/P1_is_identified_by"
                }, 
                {
                    "config": {
                        "addToMap": false, 
                        "advancedStyle": "", 
                        "advancedStyling": false, 
                        "autoManageCache": false, 
                        "cacheTiles": false, 
                        "clusterDistance": 20, 
                        "clusterMaxZoom": 5, 
                        "clusterMinPoints": 3, 
                        "fillColor": "rgba(130, 130, 130, 0.5)", 
                        "haloRadius": 4, 
                        "haloWeight": 4, 
                        "layerActivated": true, 
                        "layerIcon": "", 
                        "layerName": "", 
                        "lineColor": "rgba(130, 130, 130, 0.7)", 
                        "lineHaloColor": "rgba(200, 200, 200, 0.5)", 
                        "outlineColor": "rgba(200, 200, 200, 0.7)", 
                        "outlineWeight": 2, 
                        "pointColor": "rgba(130, 130, 130, 0.7)", 
                        "pointHaloColor": "rgba(200, 200, 200, 0.5)", 
                        "radius": 2, 
                        "simplification": 0.3, 
                        "weight": 2
                    }, 
                    "datatype": "geojson-feature-collection", 
                    "description": "Represents a single node in a graph", 
                    "graph_id": "ccbd1537-ac5e-11e6-84a5-026d961c88e6", 
                    "is_collector": true, 
                    "isrequired": false, 
                    "issearchable": true, 
                    "istopnode": false, 
                    "name": "Spatial Coordinates Geometry", 
                    "nodegroup_id": "be9d6e1b-e742-11e6-84a6-026d961c88e6", 
                    "nodeid": "be9d6e1b-e742-11e6-84a6-026d961c88e6", 
                    "ontologyclass": "http://www.cidoc-crm.org/cidoc-crm/E47_Spatial_Coordinates", 
                    "parentproperty": "http://www.cidoc-crm.org/cidoc-crm/P87_is_identified_by"
                }, 
                {
                    "config": null, 
                    "datatype": "semantic", 
                    "description": "", 
                    "graph_id": "ccbd1537-ac5e-11e6-84a5-026d961c88e6", 
                    "is_collector": true, 
                    "isrequired": false, 
                    "issearchable": true, 
                    "istopnode": false, 
                    "name": "Description Assignment", 
                    "nodegroup_id": "3abb05c5-e743-11e6-84a6-026d961c88e6", 
                    "nodeid": "3abb05c5-e743-11e6-84a6-026d961c88e6", 
                    "ontologyclass": "http://www.cidoc-crm.org/cidoc-crm/E13_Attribute_Assignment", 
                    "parentproperty": "http://www.cidoc-crm.org/cidoc-crm/P140i_was_attributed_by"
                }, 
                {
                    "config": null, 
                    "datatype": "date", 
                    "description": "Represents a single node in a graph", 
                    "graph_id": "ccbd1537-ac5e-11e6-84a5-026d961c88e6", 
                    "is_collector": false, 
                    "isrequired": false, 
                    "issearchable": true, 
                    "istopnode": false, 
                    "name": "Actor Type From Date", 
                    "nodegroup_id": "5f6460fb-e743-11e6-84a6-026d961c88e6", 
                    "nodeid": "5f6460ff-e743-11e6-84a6-026d961c88e6", 
                    "ontologyclass": "http://www.cidoc-crm.org/cidoc-crm/E49_Time_Appellation", 
                    "parentproperty": "http://www.cidoc-crm.org/cidoc-crm/P78_is_identified_by"
                }, 
                {
                    "config": {
                        "rdmCollection": "a4bfeafb-7a04-43fd-b812-331105ce78b3"
                    }, 
                    "datatype": "concept", 
                    "description": "Represents a single node in a graph", 
                    "graph_id": "ccbd1537-ac5e-11e6-84a5-026d961c88e6", 
                    "is_collector": false, 
                    "isrequired": false, 
                    "issearchable": true, 
                    "istopnode": false, 
                    "name": "External Identifier Type", 
                    "nodegroup_id": "235685a3-e743-11e6-84a6-026d961c88e6", 
                    "nodeid": "235685a6-e743-11e6-84a6-026d961c88e6", 
                    "ontologyclass": "http://www.cidoc-crm.org/cidoc-crm/E55_Type", 
                    "parentproperty": "http://www.cidoc-crm.org/cidoc-crm/P2_has_type"
                }, 
                {
                    "config": null, 
                    "datatype": "string", 
                    "description": "Represents a single node in a graph", 
                    "graph_id": "ccbd1537-ac5e-11e6-84a5-026d961c88e6", 
                    "is_collector": false, 
                    "isrequired": false, 
                    "issearchable": true, 
                    "istopnode": false, 
                    "name": "Description", 
                    "nodegroup_id": "3abb05c5-e743-11e6-84a6-026d961c88e6", 
                    "nodeid": "3abb05c8-e743-11e6-84a6-026d961c88e6", 
                    "ontologyclass": "http://www.cidoc-crm.org/cidoc-crm/E62_String", 
                    "parentproperty": "http://www.cidoc-crm.org/cidoc-crm/P3_has_note"
                }, 
                {
                    "config": {
                        "rdmCollection": "d5230d60-0eb9-483d-90f4-9965eaca0292"
                    }, 
                    "datatype": "concept", 
                    "description": "Represents a single node in a graph", 
                    "graph_id": "ccbd1537-ac5e-11e6-84a5-026d961c88e6", 
                    "is_collector": false, 
                    "isrequired": false, 
                    "issearchable": true, 
                    "istopnode": false, 
                    "name": "Administrative Subdivision Type", 
                    "nodegroup_id": "be9d6e21-e742-11e6-84a6-026d961c88e6", 
                    "nodeid": "be9d6e29-e742-11e6-84a6-026d961c88e6", 
                    "ontologyclass": "http://www.cidoc-crm.org/cidoc-crm/E55_Type", 
                    "parentproperty": "http://www.cidoc-crm.org/cidoc-crm/P2_has_type"
                }, 
                {
                    "config": null, 
                    "datatype": "string", 
                    "description": "", 
                    "graph_id": "ccbd1537-ac5e-11e6-84a5-026d961c88e6", 
                    "is_collector": true, 
                    "isrequired": false, 
                    "issearchable": true, 
                    "istopnode": false, 
                    "name": "Appellation", 
                    "nodegroup_id": "eb6ccd23-e742-11e6-84a6-026d961c88e6", 
                    "nodeid": "eb6ccd23-e742-11e6-84a6-026d961c88e6", 
                    "ontologyclass": "http://www.cidoc-crm.org/cidoc-crm/E82_Actor_Appellation", 
                    "parentproperty": "http://www.cidoc-crm.org/cidoc-crm/P131_is_identified_by"
                }, 
                {
                    "config": null, 
                    "datatype": "semantic", 
                    "description": "", 
                    "graph_id": "ccbd1537-ac5e-11e6-84a5-026d961c88e6", 
                    "is_collector": false, 
                    "isrequired": false, 
                    "issearchable": true, 
                    "istopnode": false, 
                    "name": "End of Existence", 
                    "nodegroup_id": "4eb5c5b5-e743-11e6-84a6-026d961c88e6", 
                    "nodeid": "4eb5c5bd-e743-11e6-84a6-026d961c88e6", 
                    "ontologyclass": "http://www.cidoc-crm.org/cidoc-crm/E64_End_of_Existence", 
                    "parentproperty": "http://www.cidoc-crm.org/cidoc-crm/P115i_is_finished_by"
                }, 
                {
                    "config": {
                        "rdmCollection": null
                    }, 
                    "datatype": "concept", 
                    "description": "Represents a single node in a graph", 
                    "graph_id": "ccbd1537-ac5e-11e6-84a5-026d961c88e6", 
                    "is_collector": false, 
                    "isrequired": false, 
                    "issearchable": true, 
                    "istopnode": false, 
                    "name": "Description Type", 
                    "nodegroup_id": "3abb05c5-e743-11e6-84a6-026d961c88e6", 
                    "nodeid": "3abb05c9-e743-11e6-84a6-026d961c88e6", 
                    "ontologyclass": "http://www.cidoc-crm.org/cidoc-crm/E55_Type", 
                    "parentproperty": "http://www.cidoc-crm.org/cidoc-crm/P2_has_type"
                }, 
                {
                    "config": null, 
                    "datatype": "date", 
                    "description": "Represents a single node in a graph", 
                    "graph_id": "ccbd1537-ac5e-11e6-84a5-026d961c88e6", 
                    "is_collector": false, 
                    "isrequired": false, 
                    "issearchable": true, 
                    "istopnode": false, 
                    "name": "Start Date of Existence", 
                    "nodegroup_id": "4eb5c5b5-e743-11e6-84a6-026d961c88e6", 
                    "nodeid": "4eb5c5bb-e743-11e6-84a6-026d961c88e6", 
                    "ontologyclass": "http://www.cidoc-crm.org/cidoc-crm/E49_Time_Appellation", 
                    "parentproperty": "http://www.cidoc-crm.org/cidoc-crm/P78_is_identified_by"
                }, 
                {
                    "config": null, 
                    "datatype": "semantic", 
                    "description": "Represents a single node in a graph", 
                    "graph_id": "ccbd1537-ac5e-11e6-84a5-026d961c88e6", 
                    "is_collector": true, 
                    "isrequired": false, 
                    "issearchable": true, 
                    "istopnode": false, 
                    "name": "Administration Subdivision", 
                    "nodegroup_id": "be9d6e21-e742-11e6-84a6-026d961c88e6", 
                    "nodeid": "be9d6e21-e742-11e6-84a6-026d961c88e6", 
                    "ontologyclass": "http://www.cidoc-crm.org/cidoc-crm/E53_Place", 
                    "parentproperty": "http://www.cidoc-crm.org/cidoc-crm/P89_falls_within"
                }, 
                {
                    "config": {}, 
                    "datatype": "semantic", 
                    "description": "", 
                    "graph_id": "ccbd1537-ac5e-11e6-84a5-026d961c88e6", 
                    "is_collector": false, 
                    "isrequired": false, 
                    "issearchable": true, 
                    "istopnode": true, 
                    "name": "Actor", 
                    "nodegroup_id": null, 
                    "nodeid": "ccbd1536-ac5e-11e6-84a5-026d961c88e6", 
                    "ontologyclass": "http://www.cidoc-crm.org/cidoc-crm/E39_Actor", 
                    "parentproperty": ""
                }, 
                {
                    "config": {
                        "options": []
                    }, 
                    "datatype": "domain-value", 
                    "description": "Represents a single node in a graph", 
                    "graph_id": "ccbd1537-ac5e-11e6-84a5-026d961c88e6", 
                    "is_collector": false, 
                    "isrequired": false, 
                    "issearchable": true, 
                    "istopnode": false, 
                    "name": "External Source", 
                    "nodegroup_id": "235685a3-e743-11e6-84a6-026d961c88e6", 
                    "nodeid": "235685a7-e743-11e6-84a6-026d961c88e6", 
                    "ontologyclass": "http://www.cidoc-crm.org/cidoc-crm/E55_Type", 
                    "parentproperty": "http://www.cidoc-crm.org/cidoc-crm/P2_has_type"
                }, 
                {
                    "config": {
                        "rdmCollection": null
                    }, 
                    "datatype": "concept", 
                    "description": "Represents a single node in a graph", 
                    "graph_id": "ccbd1537-ac5e-11e6-84a5-026d961c88e6", 
                    "is_collector": false, 
                    "isrequired": false, 
                    "issearchable": true, 
                    "istopnode": false, 
                    "name": "Address Type", 
                    "nodegroup_id": "be9d6e15-e742-11e6-84a6-026d961c88e6", 
                    "nodeid": "be9d6e27-e742-11e6-84a6-026d961c88e6", 
                    "ontologyclass": "http://www.cidoc-crm.org/cidoc-crm/E55_Type", 
                    "parentproperty": "http://www.cidoc-crm.org/cidoc-crm/P2_has_type"
                }, 
                {
                    "config": null, 
                    "datatype": "string", 
                    "description": "Represents a single node in a graph", 
                    "graph_id": "ccbd1537-ac5e-11e6-84a5-026d961c88e6", 
                    "is_collector": false, 
                    "isrequired": false, 
                    "issearchable": true, 
                    "istopnode": false, 
                    "name": "Administrative Subdivision Name", 
                    "nodegroup_id": "be9d6e21-e742-11e6-84a6-026d961c88e6", 
                    "nodeid": "be9d6e28-e742-11e6-84a6-026d961c88e6", 
                    "ontologyclass": "http://www.cidoc-crm.org/cidoc-crm/E44_Place_Appellation", 
                    "parentproperty": "http://www.cidoc-crm.org/cidoc-crm/P87_is_identified_by"
                }, 
                {
                    "config": null, 
                    "datatype": "semantic", 
                    "description": "Represents a single node in a graph", 
                    "graph_id": "ccbd1537-ac5e-11e6-84a5-026d961c88e6", 
                    "is_collector": false, 
                    "isrequired": false, 
                    "issearchable": true, 
                    "istopnode": false, 
                    "name": "Beginning of Existence Time Span", 
                    "nodegroup_id": "4eb5c5b5-e743-11e6-84a6-026d961c88e6", 
                    "nodeid": "4eb5c5b9-e743-11e6-84a6-026d961c88e6", 
                    "ontologyclass": "http://www.cidoc-crm.org/cidoc-crm/E52_Time-Span", 
                    "parentproperty": "http://www.cidoc-crm.org/cidoc-crm/P4_has_time-span"
                }, 
                {
                    "config": null, 
                    "datatype": "string", 
                    "description": "Represents a single node in a graph", 
                    "graph_id": "ccbd1537-ac5e-11e6-84a5-026d961c88e6", 
                    "is_collector": true, 
                    "isrequired": false, 
                    "issearchable": true, 
                    "istopnode": false, 
                    "name": "Place Address", 
                    "nodegroup_id": "be9d6e15-e742-11e6-84a6-026d961c88e6", 
                    "nodeid": "be9d6e15-e742-11e6-84a6-026d961c88e6", 
                    "ontologyclass": "http://www.cidoc-crm.org/cidoc-crm/E45_Address", 
                    "parentproperty": "http://www.cidoc-crm.org/cidoc-crm/P87_is_identified_by"
                }, 
                {
                    "config": null, 
                    "datatype": "semantic", 
                    "description": "", 
                    "graph_id": "ccbd1537-ac5e-11e6-84a5-026d961c88e6", 
                    "is_collector": true, 
                    "isrequired": false, 
                    "issearchable": true, 
                    "istopnode": false, 
                    "name": "Existence Event", 
                    "nodegroup_id": "4eb5c5b5-e743-11e6-84a6-026d961c88e6", 
                    "nodeid": "4eb5c5b5-e743-11e6-84a6-026d961c88e6", 
                    "ontologyclass": "http://www.cidoc-crm.org/cidoc-crm/E5_Event", 
                    "parentproperty": "http://www.cidoc-crm.org/cidoc-crm/P11i_participated_in"
                }, 
                {
                    "config": {
                        "rdmCollection": "216ee2fb-4197-4f84-84dd-3a38d59480fb"
                    }, 
                    "datatype": "concept", 
                    "description": "", 
                    "graph_id": "ccbd1537-ac5e-11e6-84a5-026d961c88e6", 
                    "is_collector": false, 
                    "isrequired": false, 
                    "issearchable": true, 
                    "istopnode": false, 
                    "name": "Start Date Type", 
                    "nodegroup_id": "4eb5c5b5-e743-11e6-84a6-026d961c88e6", 
                    "nodeid": "4eb5c5bc-e743-11e6-84a6-026d961c88e6", 
                    "ontologyclass": "http://www.cidoc-crm.org/cidoc-crm/E55_Type", 
                    "parentproperty": "http://www.cidoc-crm.org/cidoc-crm/P2_has_type"
                }, 
                {
                    "config": {
                        "rdmCollection": "4063c7c5-485b-432b-9dfb-4f81cb6b5cfd"
                    }, 
                    "datatype": "concept-list", 
                    "description": "", 
                    "graph_id": "ccbd1537-ac5e-11e6-84a5-026d961c88e6", 
                    "is_collector": true, 
                    "isrequired": false, 
                    "issearchable": true, 
                    "istopnode": false, 
                    "name": "Keyword", 
                    "nodegroup_id": "e1c9d577-e742-11e6-84a6-026d961c88e6", 
                    "nodeid": "e1c9d577-e742-11e6-84a6-026d961c88e6", 
                    "ontologyclass": "http://www.cidoc-crm.org/cidoc-crm/E55_Type", 
                    "parentproperty": "http://www.cidoc-crm.org/cidoc-crm/P2_has_type"
                }
            ], 
            "ontology_id": "e6e8db47-2ccf-11e6-927e-b8f6b115d7dd", 
            "relatable_resource_model_ids": [
                "ccbd1537-ac5e-11e6-84a5-026d961c88e6", 
                "fad0563b-b8f8-11e6-84a5-026d961c88e6", 
                "f5624ce7-b66c-11e6-84a5-026d961c88e6", 
                "3caf329f-b8f7-11e6-84a5-026d961c88e6", 
                "99417385-b8fa-11e6-84a5-026d961c88e6", 
                "ccbd1537-ac5e-11e6-84a5-026d961c88e6", 
                "243f8689-b8f6-11e6-84a5-026d961c88e6"
            ], 
            "reports": [
                {
                    "active": true, 
                    "config": {}, 
                    "formsconfig": {
                        "8e24f9e6-ad27-11e6-84a5-026d961c88e6": {
                            "active": true, 
                            "cards": {
                                "0e3932a9-ad22-11e6-84a5-026d961c88e6": {
                                    "cards": {}, 
                                    "label": "Beginning of Existence", 
                                    "nodes": {
                                        "0e3932aa-ad22-11e6-84a5-026d961c88e6": {
                                            "label": "Start Date of Existence"
                                        }, 
                                        "0e3932ac-ad22-11e6-84a5-026d961c88e6": {
                                            "label": "Type"
                                        }
                                    }
                                }, 
                                "5e8c822f-ad27-11e6-84a5-026d961c88e6": {
                                    "cards": {
                                        "5e8c8229-ad27-11e6-84a5-026d961c88e6": {
                                            "cards": {}, 
                                            "label": "Setting Type", 
                                            "nodes": {
                                                "5e8c8227-ad27-11e6-84a5-026d961c88e6": {
                                                    "label": "Setting Type"
                                                }
                                            }
                                        }, 
                                        "5e8c822c-ad27-11e6-84a5-026d961c88e6": {
                                            "cards": {}, 
                                            "label": "Cadastral Reference", 
                                            "nodes": {
                                                "5e8c822a-ad27-11e6-84a5-026d961c88e6": {
                                                    "label": "Cadastral Reference Number"
                                                }
                                            }
                                        }, 
                                        "5e8c8232-ad27-11e6-84a5-026d961c88e6": {
                                            "cards": {}, 
                                            "label": "Address", 
                                            "nodes": {
                                                "5e8c8230-ad27-11e6-84a5-026d961c88e6": {
                                                    "label": "Address"
                                                }, 
                                                "5e8c823e-ad27-11e6-84a5-026d961c88e6": {
                                                    "label": "Address Type"
                                                }
                                            }
                                        }, 
                                        "5e8c8235-ad27-11e6-84a5-026d961c88e6": {
                                            "cards": {}, 
                                            "label": "Description Location", 
                                            "nodes": {
                                                "5e8c823c-ad27-11e6-84a5-026d961c88e6": {
                                                    "label": "Location Description"
                                                }
                                            }
                                        }, 
                                        "5e8c8238-ad27-11e6-84a5-026d961c88e6": {
                                            "cards": {}, 
                                            "label": "Administration Subdivision", 
                                            "nodes": {
                                                "5e8c823d-ad27-11e6-84a5-026d961c88e6": {
                                                    "label": "Administrative Subdivision Type"
                                                }, 
                                                "5e8c823f-ad27-11e6-84a5-026d961c88e6": {
                                                    "label": "Administrative Subdivision Name"
                                                }
                                            }
                                        }, 
                                        "5e8c823b-ad27-11e6-84a5-026d961c88e6": {
                                            "cards": {}, 
                                            "label": "Spatial Location", 
                                            "nodes": {
                                                "5e8c8239-ad27-11e6-84a5-026d961c88e6": {
                                                    "label": "Spatial Coordinates Geometry"
                                                }, 
                                                "5e8c8240-ad27-11e6-84a5-026d961c88e6": {
                                                    "label": "Geometry Qualifier"
                                                }
                                            }
                                        }
                                    }, 
                                    "label": "Place", 
                                    "nodes": {}
                                }, 
                                "61a0f875-ad25-11e6-84a5-026d961c88e6": {
                                    "cards": {}, 
                                    "label": "Appellation", 
                                    "nodes": {
                                        "61a0f873-ad25-11e6-84a5-026d961c88e6": {
                                            "label": "Actor Name"
                                        }, 
                                        "61a0f876-ad25-11e6-84a5-026d961c88e6": {
                                            "label": "Type"
                                        }
                                    }
                                }, 
                                "6b662229-ad23-11e6-84a5-026d961c88e6": {
                                    "cards": {}, 
                                    "label": "Actor Phase Type", 
                                    "nodes": {
                                        "6b66222b-ad23-11e6-84a5-026d961c88e6": {
                                            "label": "Cultural Period"
                                        }, 
                                        "6b66222c-ad23-11e6-84a5-026d961c88e6": {
                                            "label": "Actor Type"
                                        }, 
                                        "6b66222d-ad23-11e6-84a5-026d961c88e6": {
                                            "label": " From Date"
                                        }, 
                                        "6b66222e-ad23-11e6-84a5-026d961c88e6": {
                                            "label": "To Date"
                                        }
                                    }
                                }, 
                                "a3dc0b15-ad22-11e6-84a5-026d961c88e6": {
                                    "cards": {}, 
                                    "label": "End of Existence", 
                                    "nodes": {
                                        "a3dc0b17-ad22-11e6-84a5-026d961c88e6": {
                                            "label": "End Date of Existence"
                                        }, 
                                        "a3dc0b18-ad22-11e6-84a5-026d961c88e6": {
                                            "label": "Type"
                                        }
                                    }
                                }, 
                                "c309dc31-ad24-11e6-84a5-026d961c88e6": {
                                    "cards": {}, 
                                    "label": "External Identifier", 
                                    "nodes": {
                                        "c309dc2f-ad24-11e6-84a5-026d961c88e6": {
                                            "label": "External Identifier"
                                        }, 
                                        "c309dc32-ad24-11e6-84a5-026d961c88e6": {
                                            "label": "Type of Identifier"
                                        }, 
                                        "c309dc33-ad24-11e6-84a5-026d961c88e6": {
                                            "label": "Source of Identifier"
                                        }
                                    }
                                }, 
                                "c3bdc23b-ad25-11e6-84a5-026d961c88e6": {
                                    "cards": {}, 
                                    "label": "Description", 
                                    "nodes": {
                                        "c3bdc23c-ad25-11e6-84a5-026d961c88e6": {
                                            "label": "Description"
                                        }, 
                                        "c3bdc23d-ad25-11e6-84a5-026d961c88e6": {
                                            "label": "Type"
                                        }
                                    }
                                }, 
                                "e8edd3ff-ad22-11e6-84a5-026d961c88e6": {
                                    "cards": {}, 
                                    "label": "Keyword", 
                                    "nodes": {
                                        "e8edd3fd-ad22-11e6-84a5-026d961c88e6": {
                                            "label": "Keyword"
                                        }
                                    }
                                }
                            }, 
                            "label": "Actor", 
                            "sortorder": 0
                        }
                    }, 
                    "graph_id": "ccbd1537-ac5e-11e6-84a5-026d961c88e6", 
                    "name": "Actor Resource Report", 
                    "reportid": "257d0d88-ad28-11e6-84a5-026d961c88e6", 
                    "template_id": "50000000-0000-0000-0000-000000000001"
                }
            ], 
            "resource_2_resource_constraints": [], 
            "root": {
                "config": {}, 
                "datatype": "semantic", 
                "description": "", 
                "graph_id": "ccbd1537-ac5e-11e6-84a5-026d961c88e6", 
                "is_collector": false, 
                "isrequired": false, 
                "issearchable": true, 
                "istopnode": true, 
                "name": "Actor", 
                "nodegroup_id": null, 
                "nodeid": "ccbd1536-ac5e-11e6-84a5-026d961c88e6", 
                "ontologyclass": "http://www.cidoc-crm.org/cidoc-crm/E39_Actor"
            }, 
            "subtitle": "Describes actor resources such as individual people and groups of people. ", 
            "version": ""
        }
    ], 
    "metadata": {
        "db": "PostgreSQL 9.6.1 on x86_64-apple-darwin16.1.0, compiled by Apple LLVM version 8.0.0 (clang-800.0.42.1), 64-bit", 
        "git hash": "62b43e8 2018-05-09 11:17:02 -0700", 
        "os": "Darwin", 
        "os version": "17.5.0"
    }
}